<?xml version="1.0" encoding="UTF-8"?>
<gpx xmlns:gpxdata="http://www.cluetrust.com/XML/GPXDATA/1/0" xmlns:xsi="http://www.w3.org/2001/XMLSchema-instance" xmlns="http://www.topografix.com/GPX/1/1" version="1.1" creator="http://ridewithgps.com/" xsi:schemaLocation="http://www.topografix.com/GPX/1/1 http://www.topografix.com/GPX/1/1/gpx.xsd http://www.cluetrust.com/XML/GPXDATA/1/0 http://www.cluetrust.com/Schemas/gpxdata10.xsd">
  <metadata>
    <name>倶知安to登別</name>
    <link href="https://ridewithgps.com/routes/46393304">
      <text>倶知安to登別</text>
    </link>
    <time>2024-04-27T09:04:42Z</time>
  </metadata>
  <trk>
    <name>倶知安to登別</name>
    <trkseg>
      <trkpt lat="42.9018" lon="140.74604">
        <ele>180.0</ele>
      </trkpt>
      <trkpt lat="42.9018" lon="140.74602">
        <ele>180.0</ele>
      </trkpt>
      <trkpt lat="42.90194" lon="140.74603">
        <ele>180.0</ele>
      </trkpt>
      <trkpt lat="42.90197" lon="140.74607">
        <ele>180.0</ele>
      </trkpt>
      <trkpt lat="42.90197" lon="140.7462">
        <ele>180.0</ele>
      </trkpt>
      <trkpt lat="42.90196" lon="140.74636">
        <ele>180.0</ele>
      </trkpt>
      <trkpt lat="42.90176" lon="140.74634">
        <ele>180.0</ele>
      </trkpt>
      <trkpt lat="42.90171" lon="140.74739">
        <ele>180.0</ele>
      </trkpt>
      <trkpt lat="42.90166" lon="140.74844">
        <ele>180.0</ele>
      </trkpt>
      <trkpt lat="42.90161" lon="140.74948">
        <ele>180.3</ele>
      </trkpt>
      <trkpt lat="42.90156" lon="140.75053">
        <ele>180.9</ele>
      </trkpt>
      <trkpt lat="42.90151" lon="140.75158">
        <ele>179.6</ele>
      </trkpt>
      <trkpt lat="42.90146" lon="140.75263">
        <ele>179.4</ele>
      </trkpt>
      <trkpt lat="42.901" lon="140.7526">
        <ele>179.0</ele>
      </trkpt>
      <trkpt lat="42.90038" lon="140.75254">
        <ele>178.9</ele>
      </trkpt>
      <trkpt lat="42.89976" lon="140.75247">
        <ele>178.5</ele>
      </trkpt>
      <trkpt lat="42.89889" lon="140.7524">
        <ele>176.8</ele>
      </trkpt>
      <trkpt lat="42.89802" lon="140.75232">
        <ele>176.1</ele>
      </trkpt>
      <trkpt lat="42.89715" lon="140.75224">
        <ele>176.3</ele>
      </trkpt>
      <trkpt lat="42.89629" lon="140.75217">
        <ele>176.3</ele>
      </trkpt>
      <trkpt lat="42.89542" lon="140.75209">
        <ele>175.7</ele>
      </trkpt>
      <trkpt lat="42.89455" lon="140.75201">
        <ele>175.3</ele>
      </trkpt>
      <trkpt lat="42.89368" lon="140.75194">
        <ele>174.8</ele>
      </trkpt>
      <trkpt lat="42.89281" lon="140.75186">
        <ele>175.8</ele>
      </trkpt>
      <trkpt lat="42.89194" lon="140.75178">
        <ele>176.0</ele>
      </trkpt>
      <trkpt lat="42.89107" lon="140.75171">
        <ele>174.5</ele>
      </trkpt>
      <trkpt lat="42.8902" lon="140.75163">
        <ele>175.5</ele>
      </trkpt>
      <trkpt lat="42.88934" lon="140.75156">
        <ele>175.3</ele>
      </trkpt>
      <trkpt lat="42.88847" lon="140.75148">
        <ele>175.4</ele>
      </trkpt>
      <trkpt lat="42.8876" lon="140.7514">
        <ele>175.4</ele>
      </trkpt>
      <trkpt lat="42.88673" lon="140.75133">
        <ele>171.7</ele>
      </trkpt>
      <trkpt lat="42.88612" lon="140.75127">
        <ele>170.2</ele>
      </trkpt>
      <trkpt lat="42.88552" lon="140.75122">
        <ele>170.4</ele>
      </trkpt>
      <trkpt lat="42.88491" lon="140.75116">
        <ele>172.0</ele>
      </trkpt>
      <trkpt lat="42.88404" lon="140.75108">
        <ele>173.6</ele>
      </trkpt>
      <trkpt lat="42.88317" lon="140.75101">
        <ele>175.0</ele>
      </trkpt>
      <trkpt lat="42.88229" lon="140.75093">
        <ele>174.3</ele>
      </trkpt>
      <trkpt lat="42.88142" lon="140.75086">
        <ele>174.7</ele>
      </trkpt>
      <trkpt lat="42.88111" lon="140.75083">
        <ele>174.3</ele>
      </trkpt>
      <trkpt lat="42.88021" lon="140.75075">
        <ele>174.6</ele>
      </trkpt>
      <trkpt lat="42.87932" lon="140.75067">
        <ele>174.8</ele>
      </trkpt>
      <trkpt lat="42.87843" lon="140.75059">
        <ele>176.2</ele>
      </trkpt>
      <trkpt lat="42.87753" lon="140.75051">
        <ele>185.1</ele>
      </trkpt>
      <trkpt lat="42.87664" lon="140.75043">
        <ele>189.7</ele>
      </trkpt>
      <trkpt lat="42.87574" lon="140.75035">
        <ele>194.8</ele>
      </trkpt>
      <trkpt lat="42.87485" lon="140.75027">
        <ele>198.1</ele>
      </trkpt>
      <trkpt lat="42.87395" lon="140.75019">
        <ele>200.8</ele>
      </trkpt>
      <trkpt lat="42.87324" lon="140.75007">
        <ele>203.4</ele>
      </trkpt>
      <trkpt lat="42.87255" lon="140.74982">
        <ele>205.8</ele>
      </trkpt>
      <trkpt lat="42.87171" lon="140.74942">
        <ele>205.1</ele>
      </trkpt>
      <trkpt lat="42.87087" lon="140.74901">
        <ele>205.0</ele>
      </trkpt>
      <trkpt lat="42.87003" lon="140.74861">
        <ele>205.3</ele>
      </trkpt>
      <trkpt lat="42.86918" lon="140.7482">
        <ele>205.8</ele>
      </trkpt>
      <trkpt lat="42.86834" lon="140.7478">
        <ele>205.7</ele>
      </trkpt>
      <trkpt lat="42.8675" lon="140.74739">
        <ele>208.5</ele>
      </trkpt>
      <trkpt lat="42.86666" lon="140.74699">
        <ele>213.6</ele>
      </trkpt>
      <trkpt lat="42.86581" lon="140.74658">
        <ele>212.3</ele>
      </trkpt>
      <trkpt lat="42.86497" lon="140.74618">
        <ele>209.6</ele>
      </trkpt>
      <trkpt lat="42.86434" lon="140.74589">
        <ele>208.9</ele>
      </trkpt>
      <trkpt lat="42.8637" lon="140.74559">
        <ele>212.6</ele>
      </trkpt>
      <trkpt lat="42.86306" lon="140.7453">
        <ele>215.4</ele>
      </trkpt>
      <trkpt lat="42.86235" lon="140.74495">
        <ele>217.2</ele>
      </trkpt>
      <trkpt lat="42.86164" lon="140.7446">
        <ele>217.5</ele>
      </trkpt>
      <trkpt lat="42.86093" lon="140.74426">
        <ele>217.8</ele>
      </trkpt>
      <trkpt lat="42.86022" lon="140.74391">
        <ele>219.9</ele>
      </trkpt>
      <trkpt lat="42.85951" lon="140.74356">
        <ele>223.1</ele>
      </trkpt>
      <trkpt lat="42.85895" lon="140.74331">
        <ele>223.7</ele>
      </trkpt>
      <trkpt lat="42.85838" lon="140.74307">
        <ele>222.7</ele>
      </trkpt>
      <trkpt lat="42.85768" lon="140.74273">
        <ele>224.2</ele>
      </trkpt>
      <trkpt lat="42.85702" lon="140.74235">
        <ele>226.4</ele>
      </trkpt>
      <trkpt lat="42.85641" lon="140.7419">
        <ele>227.0</ele>
      </trkpt>
      <trkpt lat="42.8558" lon="140.74145">
        <ele>228.0</ele>
      </trkpt>
      <trkpt lat="42.85518" lon="140.741">
        <ele>233.7</ele>
      </trkpt>
      <trkpt lat="42.85465" lon="140.74071">
        <ele>235.0</ele>
      </trkpt>
      <trkpt lat="42.85379" lon="140.74046">
        <ele>237.0</ele>
      </trkpt>
      <trkpt lat="42.85292" lon="140.74026">
        <ele>236.9</ele>
      </trkpt>
      <trkpt lat="42.85206" lon="140.74005">
        <ele>236.2</ele>
      </trkpt>
      <trkpt lat="42.85152" lon="140.73995">
        <ele>236.0</ele>
      </trkpt>
      <trkpt lat="42.85098" lon="140.73984">
        <ele>236.3</ele>
      </trkpt>
      <trkpt lat="42.8507" lon="140.73975">
        <ele>236.7</ele>
      </trkpt>
      <trkpt lat="42.85006" lon="140.7395">
        <ele>238.3</ele>
      </trkpt>
      <trkpt lat="42.84969" lon="140.73929">
        <ele>237.7</ele>
      </trkpt>
      <trkpt lat="42.84898" lon="140.73883">
        <ele>234.4</ele>
      </trkpt>
      <trkpt lat="42.84828" lon="140.73838">
        <ele>232.9</ele>
      </trkpt>
      <trkpt lat="42.84758" lon="140.73793">
        <ele>230.6</ele>
      </trkpt>
      <trkpt lat="42.84711" lon="140.73764">
        <ele>230.1</ele>
      </trkpt>
      <trkpt lat="42.84665" lon="140.73735">
        <ele>229.5</ele>
      </trkpt>
      <trkpt lat="42.84603" lon="140.73691">
        <ele>229.4</ele>
      </trkpt>
      <trkpt lat="42.84541" lon="140.73646">
        <ele>231.7</ele>
      </trkpt>
      <trkpt lat="42.84471" lon="140.7359">
        <ele>235.7</ele>
      </trkpt>
      <trkpt lat="42.84401" lon="140.73535">
        <ele>237.3</ele>
      </trkpt>
      <trkpt lat="42.84332" lon="140.73479">
        <ele>237.7</ele>
      </trkpt>
      <trkpt lat="42.84262" lon="140.73423">
        <ele>236.2</ele>
      </trkpt>
      <trkpt lat="42.84206" lon="140.7338">
        <ele>239.1</ele>
      </trkpt>
      <trkpt lat="42.84151" lon="140.73338">
        <ele>240.5</ele>
      </trkpt>
      <trkpt lat="42.84096" lon="140.73296">
        <ele>235.1</ele>
      </trkpt>
      <trkpt lat="42.84022" lon="140.73236">
        <ele>232.3</ele>
      </trkpt>
      <trkpt lat="42.83965" lon="140.73209">
        <ele>233.1</ele>
      </trkpt>
      <trkpt lat="42.83907" lon="140.73182">
        <ele>233.2</ele>
      </trkpt>
      <trkpt lat="42.83849" lon="140.73155">
        <ele>236.7</ele>
      </trkpt>
      <trkpt lat="42.83775" lon="140.73122">
        <ele>238.3</ele>
      </trkpt>
      <trkpt lat="42.83701" lon="140.73088">
        <ele>236.7</ele>
      </trkpt>
      <trkpt lat="42.83627" lon="140.73055">
        <ele>236.3</ele>
      </trkpt>
      <trkpt lat="42.83553" lon="140.73022">
        <ele>234.7</ele>
      </trkpt>
      <trkpt lat="42.83475" lon="140.72979">
        <ele>235.3</ele>
      </trkpt>
      <trkpt lat="42.83415" lon="140.72966">
        <ele>234.4</ele>
      </trkpt>
      <trkpt lat="42.83336" lon="140.72954">
        <ele>231.7</ele>
      </trkpt>
      <trkpt lat="42.83257" lon="140.72942">
        <ele>231.5</ele>
      </trkpt>
      <trkpt lat="42.83179" lon="140.72931">
        <ele>231.2</ele>
      </trkpt>
      <trkpt lat="42.831" lon="140.72919">
        <ele>230.9</ele>
      </trkpt>
      <trkpt lat="42.83018" lon="140.7291">
        <ele>225.9</ele>
      </trkpt>
      <trkpt lat="42.82936" lon="140.729">
        <ele>223.1</ele>
      </trkpt>
      <trkpt lat="42.82855" lon="140.72891">
        <ele>224.9</ele>
      </trkpt>
      <trkpt lat="42.82773" lon="140.72882">
        <ele>230.2</ele>
      </trkpt>
      <trkpt lat="42.82691" lon="140.72873">
        <ele>231.7</ele>
      </trkpt>
      <trkpt lat="42.82609" lon="140.72864">
        <ele>230.9</ele>
      </trkpt>
      <trkpt lat="42.82527" lon="140.72854">
        <ele>231.9</ele>
      </trkpt>
      <trkpt lat="42.82462" lon="140.72846">
        <ele>233.7</ele>
      </trkpt>
      <trkpt lat="42.82397" lon="140.72837">
        <ele>233.0</ele>
      </trkpt>
      <trkpt lat="42.82332" lon="140.72829">
        <ele>227.9</ele>
      </trkpt>
      <trkpt lat="42.82263" lon="140.72833">
        <ele>226.4</ele>
      </trkpt>
      <trkpt lat="42.82187" lon="140.72846">
        <ele>221.9</ele>
      </trkpt>
      <trkpt lat="42.82115" lon="140.72867">
        <ele>218.2</ele>
      </trkpt>
      <trkpt lat="42.82057" lon="140.72882">
        <ele>216.3</ele>
      </trkpt>
      <trkpt lat="42.81999" lon="140.72897">
        <ele>214.9</ele>
      </trkpt>
      <trkpt lat="42.81951" lon="140.72897">
        <ele>216.8</ele>
      </trkpt>
      <trkpt lat="42.81898" lon="140.72889">
        <ele>218.7</ele>
      </trkpt>
      <trkpt lat="42.81847" lon="140.72863">
        <ele>217.4</ele>
      </trkpt>
      <trkpt lat="42.81813" lon="140.72833">
        <ele>214.5</ele>
      </trkpt>
      <trkpt lat="42.81781" lon="140.72781">
        <ele>211.0</ele>
      </trkpt>
      <trkpt lat="42.81755" lon="140.72715">
        <ele>205.6</ele>
      </trkpt>
      <trkpt lat="42.81742" lon="140.72706">
        <ele>203.7</ele>
      </trkpt>
      <trkpt lat="42.8173" lon="140.72705">
        <ele>201.8</ele>
      </trkpt>
      <trkpt lat="42.81689" lon="140.72774">
        <ele>197.7</ele>
      </trkpt>
      <trkpt lat="42.81658" lon="140.72842">
        <ele>197.6</ele>
      </trkpt>
      <trkpt lat="42.81651" lon="140.72861">
        <ele>198.1</ele>
      </trkpt>
      <trkpt lat="42.81644" lon="140.7289">
        <ele>198.5</ele>
      </trkpt>
      <trkpt lat="42.81639" lon="140.72922">
        <ele>198.6</ele>
      </trkpt>
      <trkpt lat="42.81639" lon="140.72965">
        <ele>198.1</ele>
      </trkpt>
      <trkpt lat="42.81641" lon="140.72993">
        <ele>197.7</ele>
      </trkpt>
      <trkpt lat="42.81654" lon="140.73109">
        <ele>200.0</ele>
      </trkpt>
      <trkpt lat="42.81651" lon="140.73126">
        <ele>200.7</ele>
      </trkpt>
      <trkpt lat="42.81646" lon="140.73147">
        <ele>201.3</ele>
      </trkpt>
      <trkpt lat="42.81618" lon="140.73218">
        <ele>202.1</ele>
      </trkpt>
      <trkpt lat="42.81607" lon="140.7325">
        <ele>202.4</ele>
      </trkpt>
      <trkpt lat="42.81596" lon="140.73294">
        <ele>202.1</ele>
      </trkpt>
      <trkpt lat="42.8159" lon="140.73308">
        <ele>202.0</ele>
      </trkpt>
      <trkpt lat="42.81566" lon="140.73351">
        <ele>202.7</ele>
      </trkpt>
      <trkpt lat="42.81545" lon="140.73378">
        <ele>203.3</ele>
      </trkpt>
      <trkpt lat="42.81529" lon="140.73393">
        <ele>203.4</ele>
      </trkpt>
      <trkpt lat="42.81453" lon="140.73447">
        <ele>203.2</ele>
      </trkpt>
      <trkpt lat="42.81426" lon="140.73463">
        <ele>203.2</ele>
      </trkpt>
      <trkpt lat="42.81418" lon="140.73466">
        <ele>203.2</ele>
      </trkpt>
      <trkpt lat="42.81399" lon="140.73466">
        <ele>203.7</ele>
      </trkpt>
      <trkpt lat="42.81349" lon="140.73456">
        <ele>205.5</ele>
      </trkpt>
      <trkpt lat="42.81299" lon="140.73458">
        <ele>207.1</ele>
      </trkpt>
      <trkpt lat="42.81277" lon="140.73466">
        <ele>207.3</ele>
      </trkpt>
      <trkpt lat="42.81229" lon="140.735">
        <ele>207.3</ele>
      </trkpt>
      <trkpt lat="42.81214" lon="140.73513">
        <ele>207.8</ele>
      </trkpt>
      <trkpt lat="42.81191" lon="140.73545">
        <ele>207.6</ele>
      </trkpt>
      <trkpt lat="42.81179" lon="140.73574">
        <ele>206.5</ele>
      </trkpt>
      <trkpt lat="42.81175" lon="140.73593">
        <ele>206.1</ele>
      </trkpt>
      <trkpt lat="42.81175" lon="140.73613">
        <ele>206.4</ele>
      </trkpt>
      <trkpt lat="42.81176" lon="140.73625">
        <ele>206.6</ele>
      </trkpt>
      <trkpt lat="42.81162" lon="140.73726">
        <ele>207.8</ele>
      </trkpt>
      <trkpt lat="42.81148" lon="140.73827">
        <ele>211.3</ele>
      </trkpt>
      <trkpt lat="42.81135" lon="140.73929">
        <ele>215.7</ele>
      </trkpt>
      <trkpt lat="42.81125" lon="140.73981">
        <ele>220.2</ele>
      </trkpt>
      <trkpt lat="42.811" lon="140.74074">
        <ele>224.7</ele>
      </trkpt>
      <trkpt lat="42.81076" lon="140.74167">
        <ele>226.0</ele>
      </trkpt>
      <trkpt lat="42.81051" lon="140.7426">
        <ele>227.4</ele>
      </trkpt>
      <trkpt lat="42.81014" lon="140.74224">
        <ele>226.7</ele>
      </trkpt>
      <trkpt lat="42.80976" lon="140.74188">
        <ele>225.3</ele>
      </trkpt>
      <trkpt lat="42.80935" lon="140.74155">
        <ele>222.7</ele>
      </trkpt>
      <trkpt lat="42.80917" lon="140.74145">
        <ele>221.8</ele>
      </trkpt>
      <trkpt lat="42.80885" lon="140.74135">
        <ele>220.9</ele>
      </trkpt>
      <trkpt lat="42.80818" lon="140.74135">
        <ele>219.8</ele>
      </trkpt>
      <trkpt lat="42.80752" lon="140.74135">
        <ele>220.8</ele>
      </trkpt>
      <trkpt lat="42.80731" lon="140.74134">
        <ele>223.8</ele>
      </trkpt>
      <trkpt lat="42.8069" lon="140.7413">
        <ele>230.1</ele>
      </trkpt>
      <trkpt lat="42.80622" lon="140.74108">
        <ele>229.5</ele>
      </trkpt>
      <trkpt lat="42.80541" lon="140.74079">
        <ele>224.9</ele>
      </trkpt>
      <trkpt lat="42.80476" lon="140.74052">
        <ele>222.5</ele>
      </trkpt>
      <trkpt lat="42.80411" lon="140.74025">
        <ele>219.3</ele>
      </trkpt>
      <trkpt lat="42.80346" lon="140.73998">
        <ele>219.0</ele>
      </trkpt>
      <trkpt lat="42.80268" lon="140.73976">
        <ele>218.6</ele>
      </trkpt>
      <trkpt lat="42.80236" lon="140.73964">
        <ele>218.9</ele>
      </trkpt>
      <trkpt lat="42.80209" lon="140.7396">
        <ele>219.0</ele>
      </trkpt>
      <trkpt lat="42.80176" lon="140.73948">
        <ele>219.0</ele>
      </trkpt>
      <trkpt lat="42.80161" lon="140.73935">
        <ele>218.6</ele>
      </trkpt>
      <trkpt lat="42.80085" lon="140.73876">
        <ele>213.6</ele>
      </trkpt>
      <trkpt lat="42.80027" lon="140.73842">
        <ele>210.5</ele>
      </trkpt>
      <trkpt lat="42.79969" lon="140.7382">
        <ele>207.3</ele>
      </trkpt>
      <trkpt lat="42.79911" lon="140.73798">
        <ele>203.8</ele>
      </trkpt>
      <trkpt lat="42.79847" lon="140.7378">
        <ele>199.3</ele>
      </trkpt>
      <trkpt lat="42.79783" lon="140.73763">
        <ele>196.8</ele>
      </trkpt>
      <trkpt lat="42.79771" lon="140.73759">
        <ele>196.5</ele>
      </trkpt>
      <trkpt lat="42.79734" lon="140.73748">
        <ele>196.3</ele>
      </trkpt>
      <trkpt lat="42.7972" lon="140.73869">
        <ele>200.2</ele>
      </trkpt>
      <trkpt lat="42.79705" lon="140.73989">
        <ele>203.8</ele>
      </trkpt>
      <trkpt lat="42.79687" lon="140.74052">
        <ele>207.1</ele>
      </trkpt>
      <trkpt lat="42.79654" lon="140.74123">
        <ele>211.5</ele>
      </trkpt>
      <trkpt lat="42.79622" lon="140.74194">
        <ele>215.8</ele>
      </trkpt>
      <trkpt lat="42.79604" lon="140.74246">
        <ele>217.5</ele>
      </trkpt>
      <trkpt lat="42.79594" lon="140.74295">
        <ele>218.4</ele>
      </trkpt>
      <trkpt lat="42.79587" lon="140.74341">
        <ele>219.6</ele>
      </trkpt>
      <trkpt lat="42.79586" lon="140.74394">
        <ele>224.0</ele>
      </trkpt>
      <trkpt lat="42.79589" lon="140.74423">
        <ele>226.1</ele>
      </trkpt>
      <trkpt lat="42.79608" lon="140.74536">
        <ele>228.9</ele>
      </trkpt>
      <trkpt lat="42.79627" lon="140.74615">
        <ele>232.4</ele>
      </trkpt>
      <trkpt lat="42.79646" lon="140.74693">
        <ele>237.3</ele>
      </trkpt>
      <trkpt lat="42.79659" lon="140.74783">
        <ele>238.1</ele>
      </trkpt>
      <trkpt lat="42.79659" lon="140.74848">
        <ele>238.2</ele>
      </trkpt>
      <trkpt lat="42.79657" lon="140.74875">
        <ele>238.7</ele>
      </trkpt>
      <trkpt lat="42.79642" lon="140.7496">
        <ele>242.6</ele>
      </trkpt>
      <trkpt lat="42.79596" lon="140.75061">
        <ele>248.8</ele>
      </trkpt>
      <trkpt lat="42.7955" lon="140.75163">
        <ele>255.3</ele>
      </trkpt>
      <trkpt lat="42.79505" lon="140.75264">
        <ele>255.2</ele>
      </trkpt>
      <trkpt lat="42.7947" lon="140.75347">
        <ele>256.5</ele>
      </trkpt>
      <trkpt lat="42.7945" lon="140.75433">
        <ele>257.2</ele>
      </trkpt>
      <trkpt lat="42.79429" lon="140.75518">
        <ele>258.0</ele>
      </trkpt>
      <trkpt lat="42.79408" lon="140.75604">
        <ele>257.7</ele>
      </trkpt>
      <trkpt lat="42.79395" lon="140.75635">
        <ele>257.1</ele>
      </trkpt>
      <trkpt lat="42.79382" lon="140.75656">
        <ele>256.7</ele>
      </trkpt>
      <trkpt lat="42.7937" lon="140.75671">
        <ele>256.5</ele>
      </trkpt>
      <trkpt lat="42.79365" lon="140.75676">
        <ele>256.5</ele>
      </trkpt>
      <trkpt lat="42.79323" lon="140.75725">
        <ele>256.7</ele>
      </trkpt>
      <trkpt lat="42.79281" lon="140.75774">
        <ele>258.1</ele>
      </trkpt>
      <trkpt lat="42.79225" lon="140.75841">
        <ele>259.2</ele>
      </trkpt>
      <trkpt lat="42.79169" lon="140.75908">
        <ele>258.0</ele>
      </trkpt>
      <trkpt lat="42.79113" lon="140.75975">
        <ele>257.8</ele>
      </trkpt>
      <trkpt lat="42.79066" lon="140.76044">
        <ele>257.0</ele>
      </trkpt>
      <trkpt lat="42.79034" lon="140.76106">
        <ele>255.8</ele>
      </trkpt>
      <trkpt lat="42.79003" lon="140.76169">
        <ele>252.4</ele>
      </trkpt>
      <trkpt lat="42.78964" lon="140.76258">
        <ele>253.8</ele>
      </trkpt>
      <trkpt lat="42.78932" lon="140.76343">
        <ele>254.0</ele>
      </trkpt>
      <trkpt lat="42.7891" lon="140.76412">
        <ele>254.6</ele>
      </trkpt>
      <trkpt lat="42.78889" lon="140.7648">
        <ele>254.2</ele>
      </trkpt>
      <trkpt lat="42.7886" lon="140.76569">
        <ele>253.1</ele>
      </trkpt>
      <trkpt lat="42.7883" lon="140.76658">
        <ele>250.8</ele>
      </trkpt>
      <trkpt lat="42.78804" lon="140.76717">
        <ele>246.3</ele>
      </trkpt>
      <trkpt lat="42.78758" lon="140.768">
        <ele>244.3</ele>
      </trkpt>
      <trkpt lat="42.78709" lon="140.76882">
        <ele>241.8</ele>
      </trkpt>
      <trkpt lat="42.7866" lon="140.76965">
        <ele>242.6</ele>
      </trkpt>
      <trkpt lat="42.7861" lon="140.77047">
        <ele>244.1</ele>
      </trkpt>
      <trkpt lat="42.78559" lon="140.7714">
        <ele>241.2</ele>
      </trkpt>
      <trkpt lat="42.7851" lon="140.77216">
        <ele>240.1</ele>
      </trkpt>
      <trkpt lat="42.78467" lon="140.77303">
        <ele>242.9</ele>
      </trkpt>
      <trkpt lat="42.7845" lon="140.77367">
        <ele>244.8</ele>
      </trkpt>
      <trkpt lat="42.78434" lon="140.77431">
        <ele>244.7</ele>
      </trkpt>
      <trkpt lat="42.78409" lon="140.77543">
        <ele>241.9</ele>
      </trkpt>
      <trkpt lat="42.78384" lon="140.77655">
        <ele>237.4</ele>
      </trkpt>
      <trkpt lat="42.78375" lon="140.7769">
        <ele>236.1</ele>
      </trkpt>
      <trkpt lat="42.78362" lon="140.7772">
        <ele>235.0</ele>
      </trkpt>
      <trkpt lat="42.78348" lon="140.77743">
        <ele>234.1</ele>
      </trkpt>
      <trkpt lat="42.78333" lon="140.77757">
        <ele>232.9</ele>
      </trkpt>
      <trkpt lat="42.7826" lon="140.77817">
        <ele>229.4</ele>
      </trkpt>
      <trkpt lat="42.78187" lon="140.77876">
        <ele>229.7</ele>
      </trkpt>
      <trkpt lat="42.78138" lon="140.77919">
        <ele>231.3</ele>
      </trkpt>
      <trkpt lat="42.78089" lon="140.7797">
        <ele>236.4</ele>
      </trkpt>
      <trkpt lat="42.78068" lon="140.78002">
        <ele>237.0</ele>
      </trkpt>
      <trkpt lat="42.7802" lon="140.78095">
        <ele>236.6</ele>
      </trkpt>
      <trkpt lat="42.77972" lon="140.78188">
        <ele>236.8</ele>
      </trkpt>
      <trkpt lat="42.77924" lon="140.78281">
        <ele>239.2</ele>
      </trkpt>
      <trkpt lat="42.77915" lon="140.78275">
        <ele>237.8</ele>
      </trkpt>
      <trkpt lat="42.77841" lon="140.78269">
        <ele>235.1</ele>
      </trkpt>
      <trkpt lat="42.77767" lon="140.78264">
        <ele>233.0</ele>
      </trkpt>
      <trkpt lat="42.77712" lon="140.78258">
        <ele>229.1</ele>
      </trkpt>
      <trkpt lat="42.77657" lon="140.78252">
        <ele>224.6</ele>
      </trkpt>
      <trkpt lat="42.77592" lon="140.78247">
        <ele>221.3</ele>
      </trkpt>
      <trkpt lat="42.77527" lon="140.78242">
        <ele>220.0</ele>
      </trkpt>
      <trkpt lat="42.77467" lon="140.78243">
        <ele>218.9</ele>
      </trkpt>
      <trkpt lat="42.77419" lon="140.78251">
        <ele>218.1</ele>
      </trkpt>
      <trkpt lat="42.77382" lon="140.78252">
        <ele>216.4</ele>
      </trkpt>
      <trkpt lat="42.77326" lon="140.78239">
        <ele>213.7</ele>
      </trkpt>
      <trkpt lat="42.77286" lon="140.78226">
        <ele>213.2</ele>
      </trkpt>
      <trkpt lat="42.77216" lon="140.78221">
        <ele>213.5</ele>
      </trkpt>
      <trkpt lat="42.77145" lon="140.78215">
        <ele>214.5</ele>
      </trkpt>
      <trkpt lat="42.7706" lon="140.78205">
        <ele>216.0</ele>
      </trkpt>
      <trkpt lat="42.76975" lon="140.78196">
        <ele>217.2</ele>
      </trkpt>
      <trkpt lat="42.7689" lon="140.78186">
        <ele>217.7</ele>
      </trkpt>
      <trkpt lat="42.76805" lon="140.78177">
        <ele>218.8</ele>
      </trkpt>
      <trkpt lat="42.7672" lon="140.78167">
        <ele>219.7</ele>
      </trkpt>
      <trkpt lat="42.76694" lon="140.78166">
        <ele>220.4</ele>
      </trkpt>
      <trkpt lat="42.7668" lon="140.78169">
        <ele>220.6</ele>
      </trkpt>
      <trkpt lat="42.7667" lon="140.78174">
        <ele>220.5</ele>
      </trkpt>
      <trkpt lat="42.76608" lon="140.78233">
        <ele>218.4</ele>
      </trkpt>
      <trkpt lat="42.76547" lon="140.78292">
        <ele>218.1</ele>
      </trkpt>
      <trkpt lat="42.76486" lon="140.78351">
        <ele>220.0</ele>
      </trkpt>
      <trkpt lat="42.76456" lon="140.78388">
        <ele>221.5</ele>
      </trkpt>
      <trkpt lat="42.76457" lon="140.78421">
        <ele>221.9</ele>
      </trkpt>
      <trkpt lat="42.76452" lon="140.78537">
        <ele>218.9</ele>
      </trkpt>
      <trkpt lat="42.76446" lon="140.78653">
        <ele>221.7</ele>
      </trkpt>
      <trkpt lat="42.76441" lon="140.7877">
        <ele>220.0</ele>
      </trkpt>
      <trkpt lat="42.76436" lon="140.78886">
        <ele>217.8</ele>
      </trkpt>
      <trkpt lat="42.7643" lon="140.79002">
        <ele>217.7</ele>
      </trkpt>
      <trkpt lat="42.76425" lon="140.79119">
        <ele>218.1</ele>
      </trkpt>
      <trkpt lat="42.7642" lon="140.79235">
        <ele>219.7</ele>
      </trkpt>
      <trkpt lat="42.76414" lon="140.79351">
        <ele>218.6</ele>
      </trkpt>
      <trkpt lat="42.76409" lon="140.79468">
        <ele>220.7</ele>
      </trkpt>
      <trkpt lat="42.76404" lon="140.79584">
        <ele>219.4</ele>
      </trkpt>
      <trkpt lat="42.76398" lon="140.797">
        <ele>216.0</ele>
      </trkpt>
      <trkpt lat="42.76398" lon="140.79711">
        <ele>215.9</ele>
      </trkpt>
      <trkpt lat="42.76393" lon="140.79806">
        <ele>216.9</ele>
      </trkpt>
      <trkpt lat="42.76388" lon="140.799">
        <ele>219.2</ele>
      </trkpt>
      <trkpt lat="42.76383" lon="140.79994">
        <ele>220.9</ele>
      </trkpt>
      <trkpt lat="42.76378" lon="140.80088">
        <ele>221.7</ele>
      </trkpt>
      <trkpt lat="42.76376" lon="140.80195">
        <ele>225.5</ele>
      </trkpt>
      <trkpt lat="42.7634" lon="140.80191">
        <ele>226.4</ele>
      </trkpt>
      <trkpt lat="42.76271" lon="140.80185">
        <ele>224.5</ele>
      </trkpt>
      <trkpt lat="42.76202" lon="140.80179">
        <ele>222.0</ele>
      </trkpt>
      <trkpt lat="42.76133" lon="140.80173">
        <ele>219.1</ele>
      </trkpt>
      <trkpt lat="42.76064" lon="140.80168">
        <ele>217.0</ele>
      </trkpt>
      <trkpt lat="42.7605" lon="140.80166">
        <ele>217.0</ele>
      </trkpt>
      <trkpt lat="42.75989" lon="140.80161">
        <ele>217.5</ele>
      </trkpt>
      <trkpt lat="42.75927" lon="140.80156">
        <ele>219.5</ele>
      </trkpt>
      <trkpt lat="42.75866" lon="140.80151">
        <ele>221.0</ele>
      </trkpt>
      <trkpt lat="42.75852" lon="140.80155">
        <ele>221.4</ele>
      </trkpt>
      <trkpt lat="42.75827" lon="140.80165">
        <ele>222.4</ele>
      </trkpt>
      <trkpt lat="42.75786" lon="140.80196">
        <ele>225.0</ele>
      </trkpt>
      <trkpt lat="42.75745" lon="140.80228">
        <ele>228.0</ele>
      </trkpt>
      <trkpt lat="42.75709" lon="140.80246">
        <ele>230.9</ele>
      </trkpt>
      <trkpt lat="42.75681" lon="140.80256">
        <ele>232.9</ele>
      </trkpt>
      <trkpt lat="42.75633" lon="140.80266">
        <ele>234.9</ele>
      </trkpt>
      <trkpt lat="42.75567" lon="140.80276">
        <ele>236.8</ele>
      </trkpt>
      <trkpt lat="42.75501" lon="140.80287">
        <ele>239.2</ele>
      </trkpt>
      <trkpt lat="42.75425" lon="140.80301">
        <ele>244.8</ele>
      </trkpt>
      <trkpt lat="42.75349" lon="140.80315">
        <ele>248.9</ele>
      </trkpt>
      <trkpt lat="42.75273" lon="140.80329">
        <ele>250.1</ele>
      </trkpt>
      <trkpt lat="42.75245" lon="140.80343">
        <ele>251.0</ele>
      </trkpt>
      <trkpt lat="42.75234" lon="140.80351">
        <ele>252.0</ele>
      </trkpt>
      <trkpt lat="42.75211" lon="140.80372">
        <ele>254.2</ele>
      </trkpt>
      <trkpt lat="42.75164" lon="140.80426">
        <ele>258.4</ele>
      </trkpt>
      <trkpt lat="42.75118" lon="140.8048">
        <ele>260.6</ele>
      </trkpt>
      <trkpt lat="42.75071" lon="140.80533">
        <ele>262.9</ele>
      </trkpt>
      <trkpt lat="42.75044" lon="140.80555">
        <ele>263.9</ele>
      </trkpt>
      <trkpt lat="42.75023" lon="140.80569">
        <ele>264.5</ele>
      </trkpt>
      <trkpt lat="42.75013" lon="140.80574">
        <ele>264.8</ele>
      </trkpt>
      <trkpt lat="42.74928" lon="140.80598">
        <ele>265.3</ele>
      </trkpt>
      <trkpt lat="42.74843" lon="140.80622">
        <ele>266.3</ele>
      </trkpt>
      <trkpt lat="42.74758" lon="140.80647">
        <ele>266.8</ele>
      </trkpt>
      <trkpt lat="42.74693" lon="140.80659">
        <ele>269.0</ele>
      </trkpt>
      <trkpt lat="42.74628" lon="140.80672">
        <ele>269.1</ele>
      </trkpt>
      <trkpt lat="42.74563" lon="140.80684">
        <ele>268.0</ele>
      </trkpt>
      <trkpt lat="42.74517" lon="140.80688">
        <ele>267.5</ele>
      </trkpt>
      <trkpt lat="42.74494" lon="140.80683">
        <ele>266.7</ele>
      </trkpt>
      <trkpt lat="42.74479" lon="140.80677">
        <ele>265.3</ele>
      </trkpt>
      <trkpt lat="42.7445" lon="140.8066">
        <ele>262.9</ele>
      </trkpt>
      <trkpt lat="42.7443" lon="140.80641">
        <ele>261.6</ele>
      </trkpt>
      <trkpt lat="42.74415" lon="140.80622">
        <ele>260.7</ele>
      </trkpt>
      <trkpt lat="42.74363" lon="140.80566">
        <ele>253.5</ele>
      </trkpt>
      <trkpt lat="42.74312" lon="140.80509">
        <ele>249.7</ele>
      </trkpt>
      <trkpt lat="42.74259" lon="140.80458">
        <ele>244.1</ele>
      </trkpt>
      <trkpt lat="42.74206" lon="140.80407">
        <ele>239.4</ele>
      </trkpt>
      <trkpt lat="42.7419" lon="140.80388">
        <ele>237.8</ele>
      </trkpt>
      <trkpt lat="42.74159" lon="140.80342">
        <ele>235.5</ele>
      </trkpt>
      <trkpt lat="42.74145" lon="140.80316">
        <ele>234.4</ele>
      </trkpt>
      <trkpt lat="42.7411" lon="140.80227">
        <ele>230.2</ele>
      </trkpt>
      <trkpt lat="42.74074" lon="140.80139">
        <ele>225.2</ele>
      </trkpt>
      <trkpt lat="42.74039" lon="140.8005">
        <ele>222.0</ele>
      </trkpt>
      <trkpt lat="42.74026" lon="140.80026">
        <ele>219.9</ele>
      </trkpt>
      <trkpt lat="42.74006" lon="140.79997">
        <ele>215.4</ele>
      </trkpt>
      <trkpt lat="42.73996" lon="140.79988">
        <ele>213.3</ele>
      </trkpt>
      <trkpt lat="42.73985" lon="140.79975">
        <ele>212.0</ele>
      </trkpt>
      <trkpt lat="42.73956" lon="140.79955">
        <ele>209.2</ele>
      </trkpt>
      <trkpt lat="42.73938" lon="140.79948">
        <ele>207.7</ele>
      </trkpt>
      <trkpt lat="42.73922" lon="140.79942">
        <ele>206.3</ele>
      </trkpt>
      <trkpt lat="42.73885" lon="140.7994">
        <ele>206.8</ele>
      </trkpt>
      <trkpt lat="42.73839" lon="140.79951">
        <ele>208.3</ele>
      </trkpt>
      <trkpt lat="42.73792" lon="140.79962">
        <ele>210.0</ele>
      </trkpt>
      <trkpt lat="42.73774" lon="140.79968">
        <ele>210.2</ele>
      </trkpt>
      <trkpt lat="42.73721" lon="140.7998">
        <ele>209.4</ele>
      </trkpt>
      <trkpt lat="42.73705" lon="140.79981">
        <ele>209.1</ele>
      </trkpt>
      <trkpt lat="42.73675" lon="140.79979">
        <ele>209.2</ele>
      </trkpt>
      <trkpt lat="42.73642" lon="140.79971">
        <ele>211.3</ele>
      </trkpt>
      <trkpt lat="42.73558" lon="140.79946">
        <ele>218.0</ele>
      </trkpt>
      <trkpt lat="42.73473" lon="140.79921">
        <ele>214.9</ele>
      </trkpt>
      <trkpt lat="42.73389" lon="140.79896">
        <ele>209.5</ele>
      </trkpt>
      <trkpt lat="42.73305" lon="140.79871">
        <ele>209.1</ele>
      </trkpt>
      <trkpt lat="42.73233" lon="140.79844">
        <ele>208.9</ele>
      </trkpt>
      <trkpt lat="42.73187" lon="140.79819">
        <ele>210.2</ele>
      </trkpt>
      <trkpt lat="42.73142" lon="140.79794">
        <ele>210.7</ele>
      </trkpt>
      <trkpt lat="42.73066" lon="140.79745">
        <ele>210.0</ele>
      </trkpt>
      <trkpt lat="42.7299" lon="140.79697">
        <ele>211.5</ele>
      </trkpt>
      <trkpt lat="42.72914" lon="140.79648">
        <ele>212.7</ele>
      </trkpt>
      <trkpt lat="42.72837" lon="140.79599">
        <ele>214.4</ele>
      </trkpt>
      <trkpt lat="42.72761" lon="140.79551">
        <ele>214.0</ele>
      </trkpt>
      <trkpt lat="42.72685" lon="140.79502">
        <ele>215.9</ele>
      </trkpt>
      <trkpt lat="42.72666" lon="140.79484">
        <ele>218.0</ele>
      </trkpt>
      <trkpt lat="42.7266" lon="140.79478">
        <ele>218.5</ele>
      </trkpt>
      <trkpt lat="42.72642" lon="140.79446">
        <ele>220.4</ele>
      </trkpt>
      <trkpt lat="42.7263" lon="140.79419">
        <ele>221.5</ele>
      </trkpt>
      <trkpt lat="42.72604" lon="140.79337">
        <ele>225.8</ele>
      </trkpt>
      <trkpt lat="42.72566" lon="140.7923">
        <ele>225.0</ele>
      </trkpt>
      <trkpt lat="42.72533" lon="140.79164">
        <ele>225.0</ele>
      </trkpt>
      <trkpt lat="42.72508" lon="140.79122">
        <ele>223.1</ele>
      </trkpt>
      <trkpt lat="42.7248" lon="140.79082">
        <ele>225.4</ele>
      </trkpt>
      <trkpt lat="42.7242" lon="140.79004">
        <ele>229.0</ele>
      </trkpt>
      <trkpt lat="42.7236" lon="140.78926">
        <ele>231.0</ele>
      </trkpt>
      <trkpt lat="42.723" lon="140.78848">
        <ele>231.7</ele>
      </trkpt>
      <trkpt lat="42.72253" lon="140.78793">
        <ele>230.6</ele>
      </trkpt>
      <trkpt lat="42.72223" lon="140.78766">
        <ele>230.1</ele>
      </trkpt>
      <trkpt lat="42.72196" lon="140.78749">
        <ele>229.3</ele>
      </trkpt>
      <trkpt lat="42.72152" lon="140.78729">
        <ele>230.8</ele>
      </trkpt>
      <trkpt lat="42.72098" lon="140.7872">
        <ele>234.7</ele>
      </trkpt>
      <trkpt lat="42.72033" lon="140.78725">
        <ele>237.1</ele>
      </trkpt>
      <trkpt lat="42.71968" lon="140.78731">
        <ele>236.3</ele>
      </trkpt>
      <trkpt lat="42.71926" lon="140.78726">
        <ele>235.0</ele>
      </trkpt>
      <trkpt lat="42.71878" lon="140.78711">
        <ele>235.9</ele>
      </trkpt>
      <trkpt lat="42.71862" lon="140.78703">
        <ele>236.0</ele>
      </trkpt>
      <trkpt lat="42.71832" lon="140.78684">
        <ele>235.4</ele>
      </trkpt>
      <trkpt lat="42.71811" lon="140.78667">
        <ele>239.2</ele>
      </trkpt>
      <trkpt lat="42.71778" lon="140.78636">
        <ele>242.6</ele>
      </trkpt>
      <trkpt lat="42.71757" lon="140.78611">
        <ele>242.3</ele>
      </trkpt>
      <trkpt lat="42.71728" lon="140.78569">
        <ele>240.3</ele>
      </trkpt>
      <trkpt lat="42.71715" lon="140.78544">
        <ele>239.7</ele>
      </trkpt>
      <trkpt lat="42.71695" lon="140.78498">
        <ele>238.2</ele>
      </trkpt>
      <trkpt lat="42.7168" lon="140.78441">
        <ele>236.2</ele>
      </trkpt>
      <trkpt lat="42.71673" lon="140.78407">
        <ele>234.8</ele>
      </trkpt>
      <trkpt lat="42.71668" lon="140.78347">
        <ele>235.0</ele>
      </trkpt>
      <trkpt lat="42.71665" lon="140.7829">
        <ele>241.4</ele>
      </trkpt>
      <trkpt lat="42.71658" lon="140.78215">
        <ele>250.6</ele>
      </trkpt>
      <trkpt lat="42.71652" lon="140.7814">
        <ele>254.6</ele>
      </trkpt>
      <trkpt lat="42.71648" lon="140.78058">
        <ele>253.4</ele>
      </trkpt>
      <trkpt lat="42.71643" lon="140.77976">
        <ele>254.8</ele>
      </trkpt>
      <trkpt lat="42.71634" lon="140.77919">
        <ele>258.3</ele>
      </trkpt>
      <trkpt lat="42.71612" lon="140.77821">
        <ele>263.3</ele>
      </trkpt>
      <trkpt lat="42.7159" lon="140.77723">
        <ele>264.4</ele>
      </trkpt>
      <trkpt lat="42.71565" lon="140.77617">
        <ele>262.7</ele>
      </trkpt>
      <trkpt lat="42.7154" lon="140.77511">
        <ele>263.5</ele>
      </trkpt>
      <trkpt lat="42.71515" lon="140.77404">
        <ele>263.5</ele>
      </trkpt>
      <trkpt lat="42.7149" lon="140.77298">
        <ele>261.6</ele>
      </trkpt>
      <trkpt lat="42.71465" lon="140.77192">
        <ele>260.5</ele>
      </trkpt>
      <trkpt lat="42.7144" lon="140.77086">
        <ele>263.6</ele>
      </trkpt>
      <trkpt lat="42.71416" lon="140.7698">
        <ele>265.4</ele>
      </trkpt>
      <trkpt lat="42.71409" lon="140.76957">
        <ele>265.6</ele>
      </trkpt>
      <trkpt lat="42.71399" lon="140.76937">
        <ele>265.6</ele>
      </trkpt>
      <trkpt lat="42.71383" lon="140.76916">
        <ele>265.4</ele>
      </trkpt>
      <trkpt lat="42.71363" lon="140.769">
        <ele>264.5</ele>
      </trkpt>
      <trkpt lat="42.71343" lon="140.76894">
        <ele>263.9</ele>
      </trkpt>
      <trkpt lat="42.71287" lon="140.76887">
        <ele>263.1</ele>
      </trkpt>
      <trkpt lat="42.71231" lon="140.76879">
        <ele>263.5</ele>
      </trkpt>
      <trkpt lat="42.71202" lon="140.76883">
        <ele>264.8</ele>
      </trkpt>
      <trkpt lat="42.71191" lon="140.76889">
        <ele>265.3</ele>
      </trkpt>
      <trkpt lat="42.7117" lon="140.76907">
        <ele>266.0</ele>
      </trkpt>
      <trkpt lat="42.71117" lon="140.76968">
        <ele>264.6</ele>
      </trkpt>
      <trkpt lat="42.71064" lon="140.77029">
        <ele>263.2</ele>
      </trkpt>
      <trkpt lat="42.71011" lon="140.77091">
        <ele>264.0</ele>
      </trkpt>
      <trkpt lat="42.71003" lon="140.77098">
        <ele>264.0</ele>
      </trkpt>
      <trkpt lat="42.70991" lon="140.77103">
        <ele>264.0</ele>
      </trkpt>
      <trkpt lat="42.70959" lon="140.77107">
        <ele>264.1</ele>
      </trkpt>
      <trkpt lat="42.70934" lon="140.77102">
        <ele>263.9</ele>
      </trkpt>
      <trkpt lat="42.70861" lon="140.77077">
        <ele>264.2</ele>
      </trkpt>
      <trkpt lat="42.70831" lon="140.77073">
        <ele>264.8</ele>
      </trkpt>
      <trkpt lat="42.70746" lon="140.77073">
        <ele>265.1</ele>
      </trkpt>
      <trkpt lat="42.70661" lon="140.77073">
        <ele>265.8</ele>
      </trkpt>
      <trkpt lat="42.70576" lon="140.77073">
        <ele>263.1</ele>
      </trkpt>
      <trkpt lat="42.70491" lon="140.77073">
        <ele>264.3</ele>
      </trkpt>
      <trkpt lat="42.70406" lon="140.77073">
        <ele>264.1</ele>
      </trkpt>
      <trkpt lat="42.70321" lon="140.77073">
        <ele>259.9</ele>
      </trkpt>
      <trkpt lat="42.70297" lon="140.77066">
        <ele>257.3</ele>
      </trkpt>
      <trkpt lat="42.70276" lon="140.77052">
        <ele>254.6</ele>
      </trkpt>
      <trkpt lat="42.70262" lon="140.77039">
        <ele>252.6</ele>
      </trkpt>
      <trkpt lat="42.7022" lon="140.76983">
        <ele>248.8</ele>
      </trkpt>
      <trkpt lat="42.70178" lon="140.76927">
        <ele>244.5</ele>
      </trkpt>
      <trkpt lat="42.70165" lon="140.76913">
        <ele>243.2</ele>
      </trkpt>
      <trkpt lat="42.7015" lon="140.76901">
        <ele>240.9</ele>
      </trkpt>
      <trkpt lat="42.70137" lon="140.76896">
        <ele>240.1</ele>
      </trkpt>
      <trkpt lat="42.70102" lon="140.76895">
        <ele>240.5</ele>
      </trkpt>
      <trkpt lat="42.70089" lon="140.76897">
        <ele>241.2</ele>
      </trkpt>
      <trkpt lat="42.70066" lon="140.76909">
        <ele>242.2</ele>
      </trkpt>
      <trkpt lat="42.70018" lon="140.76945">
        <ele>242.3</ele>
      </trkpt>
      <trkpt lat="42.69969" lon="140.76981">
        <ele>245.2</ele>
      </trkpt>
      <trkpt lat="42.69946" lon="140.76994">
        <ele>247.7</ele>
      </trkpt>
      <trkpt lat="42.69861" lon="140.77028">
        <ele>253.2</ele>
      </trkpt>
      <trkpt lat="42.6985" lon="140.7703">
        <ele>254.1</ele>
      </trkpt>
      <trkpt lat="42.69828" lon="140.77028">
        <ele>255.9</ele>
      </trkpt>
      <trkpt lat="42.69762" lon="140.7701">
        <ele>258.5</ele>
      </trkpt>
      <trkpt lat="42.69697" lon="140.76992">
        <ele>259.5</ele>
      </trkpt>
      <trkpt lat="42.69678" lon="140.76991">
        <ele>259.7</ele>
      </trkpt>
      <trkpt lat="42.69653" lon="140.76998">
        <ele>260.0</ele>
      </trkpt>
      <trkpt lat="42.69643" lon="140.77003">
        <ele>260.0</ele>
      </trkpt>
      <trkpt lat="42.69601" lon="140.77033">
        <ele>259.7</ele>
      </trkpt>
      <trkpt lat="42.6956" lon="140.77062">
        <ele>259.3</ele>
      </trkpt>
      <trkpt lat="42.69533" lon="140.77087">
        <ele>260.1</ele>
      </trkpt>
      <trkpt lat="42.6949" lon="140.77139">
        <ele>260.6</ele>
      </trkpt>
      <trkpt lat="42.69447" lon="140.77192">
        <ele>260.6</ele>
      </trkpt>
      <trkpt lat="42.69433" lon="140.77203">
        <ele>260.5</ele>
      </trkpt>
      <trkpt lat="42.69419" lon="140.77208">
        <ele>260.5</ele>
      </trkpt>
      <trkpt lat="42.69396" lon="140.7721">
        <ele>260.8</ele>
      </trkpt>
      <trkpt lat="42.69368" lon="140.77207">
        <ele>261.1</ele>
      </trkpt>
      <trkpt lat="42.69289" lon="140.77179">
        <ele>260.9</ele>
      </trkpt>
      <trkpt lat="42.6921" lon="140.77151">
        <ele>258.2</ele>
      </trkpt>
      <trkpt lat="42.69131" lon="140.77123">
        <ele>257.0</ele>
      </trkpt>
      <trkpt lat="42.69053" lon="140.77095">
        <ele>259.8</ele>
      </trkpt>
      <trkpt lat="42.68974" lon="140.77067">
        <ele>259.0</ele>
      </trkpt>
      <trkpt lat="42.68891" lon="140.77038">
        <ele>256.8</ele>
      </trkpt>
      <trkpt lat="42.68808" lon="140.77009">
        <ele>254.1</ele>
      </trkpt>
      <trkpt lat="42.68725" lon="140.7698">
        <ele>253.5</ele>
      </trkpt>
      <trkpt lat="42.68642" lon="140.76951">
        <ele>253.8</ele>
      </trkpt>
      <trkpt lat="42.68559" lon="140.76922">
        <ele>251.5</ele>
      </trkpt>
      <trkpt lat="42.68535" lon="140.76916">
        <ele>251.6</ele>
      </trkpt>
      <trkpt lat="42.6852" lon="140.76915">
        <ele>251.8</ele>
      </trkpt>
      <trkpt lat="42.68497" lon="140.76917">
        <ele>252.0</ele>
      </trkpt>
      <trkpt lat="42.68426" lon="140.76926">
        <ele>251.6</ele>
      </trkpt>
      <trkpt lat="42.68355" lon="140.76935">
        <ele>251.6</ele>
      </trkpt>
      <trkpt lat="42.68285" lon="140.76944">
        <ele>251.3</ele>
      </trkpt>
      <trkpt lat="42.68214" lon="140.76953">
        <ele>250.6</ele>
      </trkpt>
      <trkpt lat="42.68179" lon="140.76956">
        <ele>250.1</ele>
      </trkpt>
      <trkpt lat="42.68153" lon="140.76956">
        <ele>250.1</ele>
      </trkpt>
      <trkpt lat="42.68131" lon="140.76954">
        <ele>250.2</ele>
      </trkpt>
      <trkpt lat="42.68098" lon="140.76948">
        <ele>250.3</ele>
      </trkpt>
      <trkpt lat="42.68021" lon="140.76932">
        <ele>250.0</ele>
      </trkpt>
      <trkpt lat="42.67944" lon="140.76916">
        <ele>250.7</ele>
      </trkpt>
      <trkpt lat="42.67867" lon="140.76901">
        <ele>249.4</ele>
      </trkpt>
      <trkpt lat="42.6779" lon="140.76885">
        <ele>248.8</ele>
      </trkpt>
      <trkpt lat="42.67752" lon="140.76875">
        <ele>249.5</ele>
      </trkpt>
      <trkpt lat="42.67721" lon="140.76861">
        <ele>249.3</ele>
      </trkpt>
      <trkpt lat="42.67639" lon="140.76819">
        <ele>248.2</ele>
      </trkpt>
      <trkpt lat="42.67557" lon="140.76777">
        <ele>245.9</ele>
      </trkpt>
      <trkpt lat="42.67475" lon="140.76734">
        <ele>242.9</ele>
      </trkpt>
      <trkpt lat="42.67393" lon="140.76692">
        <ele>238.8</ele>
      </trkpt>
      <trkpt lat="42.67324" lon="140.76652">
        <ele>235.5</ele>
      </trkpt>
      <trkpt lat="42.67251" lon="140.76601">
        <ele>231.9</ele>
      </trkpt>
      <trkpt lat="42.67179" lon="140.76549">
        <ele>228.4</ele>
      </trkpt>
      <trkpt lat="42.6716" lon="140.76541">
        <ele>227.7</ele>
      </trkpt>
      <trkpt lat="42.67145" lon="140.76537">
        <ele>227.2</ele>
      </trkpt>
      <trkpt lat="42.67125" lon="140.76536">
        <ele>226.3</ele>
      </trkpt>
      <trkpt lat="42.67088" lon="140.76541">
        <ele>223.8</ele>
      </trkpt>
      <trkpt lat="42.67041" lon="140.76558">
        <ele>219.0</ele>
      </trkpt>
      <trkpt lat="42.66993" lon="140.76576">
        <ele>212.7</ele>
      </trkpt>
      <trkpt lat="42.66953" lon="140.76576">
        <ele>208.5</ele>
      </trkpt>
      <trkpt lat="42.66931" lon="140.76568">
        <ele>207.1</ele>
      </trkpt>
      <trkpt lat="42.66909" lon="140.76556">
        <ele>206.9</ele>
      </trkpt>
      <trkpt lat="42.66893" lon="140.76544">
        <ele>207.8</ele>
      </trkpt>
      <trkpt lat="42.66837" lon="140.7648">
        <ele>203.2</ele>
      </trkpt>
      <trkpt lat="42.6678" lon="140.76416">
        <ele>198.2</ele>
      </trkpt>
      <trkpt lat="42.66748" lon="140.76389">
        <ele>193.5</ele>
      </trkpt>
      <trkpt lat="42.66711" lon="140.76377">
        <ele>188.9</ele>
      </trkpt>
      <trkpt lat="42.66691" lon="140.76376">
        <ele>186.9</ele>
      </trkpt>
      <trkpt lat="42.66674" lon="140.76377">
        <ele>185.2</ele>
      </trkpt>
      <trkpt lat="42.66644" lon="140.76386">
        <ele>185.4</ele>
      </trkpt>
      <trkpt lat="42.66627" lon="140.76394">
        <ele>185.2</ele>
      </trkpt>
      <trkpt lat="42.66605" lon="140.76409">
        <ele>183.1</ele>
      </trkpt>
      <trkpt lat="42.66544" lon="140.76463">
        <ele>177.8</ele>
      </trkpt>
      <trkpt lat="42.66513" lon="140.7648">
        <ele>172.8</ele>
      </trkpt>
      <trkpt lat="42.66486" lon="140.76487">
        <ele>169.0</ele>
      </trkpt>
      <trkpt lat="42.66457" lon="140.76487">
        <ele>168.0</ele>
      </trkpt>
      <trkpt lat="42.66398" lon="140.76469">
        <ele>168.1</ele>
      </trkpt>
      <trkpt lat="42.66323" lon="140.76438">
        <ele>162.4</ele>
      </trkpt>
      <trkpt lat="42.66248" lon="140.76406">
        <ele>146.6</ele>
      </trkpt>
      <trkpt lat="42.66213" lon="140.76387">
        <ele>141.9</ele>
      </trkpt>
      <trkpt lat="42.66182" lon="140.76361">
        <ele>137.8</ele>
      </trkpt>
      <trkpt lat="42.66145" lon="140.76311">
        <ele>136.4</ele>
      </trkpt>
      <trkpt lat="42.66125" lon="140.76289">
        <ele>135.7</ele>
      </trkpt>
      <trkpt lat="42.66087" lon="140.76232">
        <ele>131.5</ele>
      </trkpt>
      <trkpt lat="42.66079" lon="140.76214">
        <ele>130.9</ele>
      </trkpt>
      <trkpt lat="42.66076" lon="140.76199">
        <ele>131.0</ele>
      </trkpt>
      <trkpt lat="42.66074" lon="140.7618">
        <ele>131.3</ele>
      </trkpt>
      <trkpt lat="42.66074" lon="140.76166">
        <ele>131.8</ele>
      </trkpt>
      <trkpt lat="42.6608" lon="140.76143">
        <ele>131.5</ele>
      </trkpt>
      <trkpt lat="42.66101" lon="140.76081">
        <ele>132.3</ele>
      </trkpt>
      <trkpt lat="42.66121" lon="140.76019">
        <ele>128.5</ele>
      </trkpt>
      <trkpt lat="42.66127" lon="140.75993">
        <ele>126.2</ele>
      </trkpt>
      <trkpt lat="42.66129" lon="140.7597">
        <ele>124.5</ele>
      </trkpt>
      <trkpt lat="42.66129" lon="140.75952">
        <ele>123.0</ele>
      </trkpt>
      <trkpt lat="42.66126" lon="140.75934">
        <ele>121.4</ele>
      </trkpt>
      <trkpt lat="42.66118" lon="140.75909">
        <ele>119.5</ele>
      </trkpt>
      <trkpt lat="42.6611" lon="140.75893">
        <ele>118.5</ele>
      </trkpt>
      <trkpt lat="42.66093" lon="140.75868">
        <ele>116.9</ele>
      </trkpt>
      <trkpt lat="42.66076" lon="140.75854">
        <ele>116.0</ele>
      </trkpt>
      <trkpt lat="42.66054" lon="140.75837">
        <ele>115.5</ele>
      </trkpt>
      <trkpt lat="42.65976" lon="140.75781">
        <ele>116.0</ele>
      </trkpt>
      <trkpt lat="42.65898" lon="140.75726">
        <ele>117.8</ele>
      </trkpt>
      <trkpt lat="42.65869" lon="140.75703">
        <ele>118.8</ele>
      </trkpt>
      <trkpt lat="42.65853" lon="140.75682">
        <ele>117.7</ele>
      </trkpt>
      <trkpt lat="42.65838" lon="140.75645">
        <ele>117.7</ele>
      </trkpt>
      <trkpt lat="42.65832" lon="140.75622">
        <ele>119.2</ele>
      </trkpt>
      <trkpt lat="42.6583" lon="140.75605">
        <ele>120.1</ele>
      </trkpt>
      <trkpt lat="42.6583" lon="140.75567">
        <ele>123.9</ele>
      </trkpt>
      <trkpt lat="42.65832" lon="140.75547">
        <ele>126.9</ele>
      </trkpt>
      <trkpt lat="42.65835" lon="140.75527">
        <ele>129.5</ele>
      </trkpt>
      <trkpt lat="42.65843" lon="140.75503">
        <ele>131.5</ele>
      </trkpt>
      <trkpt lat="42.65852" lon="140.75483">
        <ele>133.0</ele>
      </trkpt>
      <trkpt lat="42.65868" lon="140.75459">
        <ele>134.0</ele>
      </trkpt>
      <trkpt lat="42.65911" lon="140.75422">
        <ele>131.3</ele>
      </trkpt>
      <trkpt lat="42.65953" lon="140.75386">
        <ele>126.8</ele>
      </trkpt>
      <trkpt lat="42.65965" lon="140.75371">
        <ele>125.5</ele>
      </trkpt>
      <trkpt lat="42.6598" lon="140.75342">
        <ele>124.3</ele>
      </trkpt>
      <trkpt lat="42.65987" lon="140.75309">
        <ele>121.8</ele>
      </trkpt>
      <trkpt lat="42.65987" lon="140.75291">
        <ele>120.6</ele>
      </trkpt>
      <trkpt lat="42.65987" lon="140.75273">
        <ele>119.4</ele>
      </trkpt>
      <trkpt lat="42.65984" lon="140.75254">
        <ele>118.5</ele>
      </trkpt>
      <trkpt lat="42.6598" lon="140.75238">
        <ele>118.2</ele>
      </trkpt>
      <trkpt lat="42.65969" lon="140.75215">
        <ele>118.1</ele>
      </trkpt>
      <trkpt lat="42.65948" lon="140.75183">
        <ele>117.5</ele>
      </trkpt>
      <trkpt lat="42.65905" lon="140.75123">
        <ele>118.1</ele>
      </trkpt>
      <trkpt lat="42.65883" lon="140.75089">
        <ele>118.6</ele>
      </trkpt>
      <trkpt lat="42.65839" lon="140.74988">
        <ele>115.8</ele>
      </trkpt>
      <trkpt lat="42.65809" lon="140.75007">
        <ele>124.2</ele>
      </trkpt>
      <trkpt lat="42.65799" lon="140.75022">
        <ele>128.4</ele>
      </trkpt>
      <trkpt lat="42.65799" lon="140.75041">
        <ele>130.6</ele>
      </trkpt>
      <trkpt lat="42.6581" lon="140.75086">
        <ele>132.0</ele>
      </trkpt>
      <trkpt lat="42.65817" lon="140.75105">
        <ele>133.2</ele>
      </trkpt>
      <trkpt lat="42.65867" lon="140.75205">
        <ele>136.4</ele>
      </trkpt>
      <trkpt lat="42.65877" lon="140.75241">
        <ele>139.5</ele>
      </trkpt>
      <trkpt lat="42.65881" lon="140.75264">
        <ele>140.8</ele>
      </trkpt>
      <trkpt lat="42.6588" lon="140.75302">
        <ele>144.2</ele>
      </trkpt>
      <trkpt lat="42.65876" lon="140.7533">
        <ele>147.8</ele>
      </trkpt>
      <trkpt lat="42.65872" lon="140.7535">
        <ele>147.7</ele>
      </trkpt>
      <trkpt lat="42.6586" lon="140.75383">
        <ele>147.3</ele>
      </trkpt>
      <trkpt lat="42.65844" lon="140.75412">
        <ele>147.3</ele>
      </trkpt>
      <trkpt lat="42.65834" lon="140.75425">
        <ele>147.4</ele>
      </trkpt>
      <trkpt lat="42.65818" lon="140.7544">
        <ele>147.7</ele>
      </trkpt>
      <trkpt lat="42.65791" lon="140.75459">
        <ele>148.6</ele>
      </trkpt>
      <trkpt lat="42.65771" lon="140.75463">
        <ele>150.6</ele>
      </trkpt>
      <trkpt lat="42.65708" lon="140.75465">
        <ele>159.3</ele>
      </trkpt>
      <trkpt lat="42.65666" lon="140.75472">
        <ele>163.1</ele>
      </trkpt>
      <trkpt lat="42.65615" lon="140.75489">
        <ele>163.6</ele>
      </trkpt>
      <trkpt lat="42.65558" lon="140.75505">
        <ele>167.7</ele>
      </trkpt>
      <trkpt lat="42.65498" lon="140.75514">
        <ele>176.5</ele>
      </trkpt>
      <trkpt lat="42.65438" lon="140.75524">
        <ele>179.9</ele>
      </trkpt>
      <trkpt lat="42.6537" lon="140.75535">
        <ele>188.3</ele>
      </trkpt>
      <trkpt lat="42.65316" lon="140.75548">
        <ele>194.1</ele>
      </trkpt>
      <trkpt lat="42.65263" lon="140.75562">
        <ele>200.2</ele>
      </trkpt>
      <trkpt lat="42.65187" lon="140.75575">
        <ele>208.2</ele>
      </trkpt>
      <trkpt lat="42.65123" lon="140.75593">
        <ele>214.4</ele>
      </trkpt>
      <trkpt lat="42.65068" lon="140.7562">
        <ele>220.3</ele>
      </trkpt>
      <trkpt lat="42.65013" lon="140.75648">
        <ele>220.7</ele>
      </trkpt>
      <trkpt lat="42.64968" lon="140.75676">
        <ele>222.6</ele>
      </trkpt>
      <trkpt lat="42.64936" lon="140.75712">
        <ele>224.8</ele>
      </trkpt>
      <trkpt lat="42.64876" lon="140.75795">
        <ele>231.8</ele>
      </trkpt>
      <trkpt lat="42.64816" lon="140.75877">
        <ele>235.6</ele>
      </trkpt>
      <trkpt lat="42.6475" lon="140.75958">
        <ele>240.0</ele>
      </trkpt>
      <trkpt lat="42.64736" lon="140.7597">
        <ele>240.8</ele>
      </trkpt>
      <trkpt lat="42.64715" lon="140.75982">
        <ele>241.7</ele>
      </trkpt>
      <trkpt lat="42.64659" lon="140.75987">
        <ele>242.5</ele>
      </trkpt>
      <trkpt lat="42.64603" lon="140.75993">
        <ele>241.4</ele>
      </trkpt>
      <trkpt lat="42.64552" lon="140.76006">
        <ele>240.8</ele>
      </trkpt>
      <trkpt lat="42.64501" lon="140.76019">
        <ele>240.8</ele>
      </trkpt>
      <trkpt lat="42.64474" lon="140.76035">
        <ele>241.7</ele>
      </trkpt>
      <trkpt lat="42.6446" lon="140.76047">
        <ele>242.1</ele>
      </trkpt>
      <trkpt lat="42.64393" lon="140.76121">
        <ele>243.0</ele>
      </trkpt>
      <trkpt lat="42.6436" lon="140.76159">
        <ele>243.4</ele>
      </trkpt>
      <trkpt lat="42.64352" lon="140.76173">
        <ele>243.4</ele>
      </trkpt>
      <trkpt lat="42.64342" lon="140.76196">
        <ele>243.4</ele>
      </trkpt>
      <trkpt lat="42.64316" lon="140.76289">
        <ele>241.8</ele>
      </trkpt>
      <trkpt lat="42.6429" lon="140.76382">
        <ele>240.2</ele>
      </trkpt>
      <trkpt lat="42.64271" lon="140.76444">
        <ele>240.1</ele>
      </trkpt>
      <trkpt lat="42.6426" lon="140.76474">
        <ele>240.1</ele>
      </trkpt>
      <trkpt lat="42.64216" lon="140.76566">
        <ele>242.4</ele>
      </trkpt>
      <trkpt lat="42.64173" lon="140.76658">
        <ele>245.5</ele>
      </trkpt>
      <trkpt lat="42.64129" lon="140.76749">
        <ele>244.9</ele>
      </trkpt>
      <trkpt lat="42.64085" lon="140.76841">
        <ele>243.4</ele>
      </trkpt>
      <trkpt lat="42.64042" lon="140.76932">
        <ele>248.1</ele>
      </trkpt>
      <trkpt lat="42.63998" lon="140.77024">
        <ele>251.2</ele>
      </trkpt>
      <trkpt lat="42.63954" lon="140.77116">
        <ele>250.7</ele>
      </trkpt>
      <trkpt lat="42.63911" lon="140.77207">
        <ele>250.1</ele>
      </trkpt>
      <trkpt lat="42.63885" lon="140.77264">
        <ele>251.0</ele>
      </trkpt>
      <trkpt lat="42.63853" lon="140.77359">
        <ele>253.4</ele>
      </trkpt>
      <trkpt lat="42.63821" lon="140.77454">
        <ele>255.0</ele>
      </trkpt>
      <trkpt lat="42.63788" lon="140.7755">
        <ele>256.3</ele>
      </trkpt>
      <trkpt lat="42.63756" lon="140.77645">
        <ele>256.9</ele>
      </trkpt>
      <trkpt lat="42.63729" lon="140.77734">
        <ele>257.8</ele>
      </trkpt>
      <trkpt lat="42.63701" lon="140.77822">
        <ele>257.2</ele>
      </trkpt>
      <trkpt lat="42.63673" lon="140.77911">
        <ele>258.8</ele>
      </trkpt>
      <trkpt lat="42.63646" lon="140.78">
        <ele>261.5</ele>
      </trkpt>
      <trkpt lat="42.63635" lon="140.78044">
        <ele>262.4</ele>
      </trkpt>
      <trkpt lat="42.63619" lon="140.78127">
        <ele>264.6</ele>
      </trkpt>
      <trkpt lat="42.63603" lon="140.7821">
        <ele>267.1</ele>
      </trkpt>
      <trkpt lat="42.63587" lon="140.78302">
        <ele>270.2</ele>
      </trkpt>
      <trkpt lat="42.6357" lon="140.78394">
        <ele>270.5</ele>
      </trkpt>
      <trkpt lat="42.63554" lon="140.78478">
        <ele>271.7</ele>
      </trkpt>
      <trkpt lat="42.63538" lon="140.78563">
        <ele>271.9</ele>
      </trkpt>
      <trkpt lat="42.63516" lon="140.78667">
        <ele>271.6</ele>
      </trkpt>
      <trkpt lat="42.63512" lon="140.78705">
        <ele>272.0</ele>
      </trkpt>
      <trkpt lat="42.63507" lon="140.78767">
        <ele>272.3</ele>
      </trkpt>
      <trkpt lat="42.6351" lon="140.78876">
        <ele>270.6</ele>
      </trkpt>
      <trkpt lat="42.63513" lon="140.78985">
        <ele>268.9</ele>
      </trkpt>
      <trkpt lat="42.63516" lon="140.79093">
        <ele>266.8</ele>
      </trkpt>
      <trkpt lat="42.63511" lon="140.79139">
        <ele>266.9</ele>
      </trkpt>
      <trkpt lat="42.63495" lon="140.79238">
        <ele>266.4</ele>
      </trkpt>
      <trkpt lat="42.63479" lon="140.79337">
        <ele>268.8</ele>
      </trkpt>
      <trkpt lat="42.63463" lon="140.79436">
        <ele>271.5</ele>
      </trkpt>
      <trkpt lat="42.6345" lon="140.79532">
        <ele>274.4</ele>
      </trkpt>
      <trkpt lat="42.63437" lon="140.79627">
        <ele>275.4</ele>
      </trkpt>
      <trkpt lat="42.63423" lon="140.79723">
        <ele>276.4</ele>
      </trkpt>
      <trkpt lat="42.6341" lon="140.79819">
        <ele>275.5</ele>
      </trkpt>
      <trkpt lat="42.63395" lon="140.79913">
        <ele>276.9</ele>
      </trkpt>
      <trkpt lat="42.6338" lon="140.80007">
        <ele>278.9</ele>
      </trkpt>
      <trkpt lat="42.63365" lon="140.801">
        <ele>278.8</ele>
      </trkpt>
      <trkpt lat="42.63285" lon="140.80078">
        <ele>280.5</ele>
      </trkpt>
      <trkpt lat="42.63205" lon="140.80055">
        <ele>281.2</ele>
      </trkpt>
      <trkpt lat="42.63124" lon="140.80033">
        <ele>284.2</ele>
      </trkpt>
      <trkpt lat="42.63044" lon="140.8001">
        <ele>288.2</ele>
      </trkpt>
      <trkpt lat="42.62964" lon="140.79988">
        <ele>290.8</ele>
      </trkpt>
      <trkpt lat="42.62884" lon="140.79965">
        <ele>292.5</ele>
      </trkpt>
      <trkpt lat="42.62803" lon="140.79942">
        <ele>294.8</ele>
      </trkpt>
      <trkpt lat="42.62736" lon="140.79921">
        <ele>296.0</ele>
      </trkpt>
      <trkpt lat="42.62668" lon="140.79899">
        <ele>299.7</ele>
      </trkpt>
      <trkpt lat="42.62642" lon="140.79885">
        <ele>299.8</ele>
      </trkpt>
      <trkpt lat="42.62593" lon="140.79845">
        <ele>300.7</ele>
      </trkpt>
      <trkpt lat="42.62544" lon="140.79807">
        <ele>299.9</ele>
      </trkpt>
      <trkpt lat="42.62485" lon="140.79753">
        <ele>300.5</ele>
      </trkpt>
      <trkpt lat="42.62427" lon="140.797">
        <ele>299.6</ele>
      </trkpt>
      <trkpt lat="42.62361" lon="140.79638">
        <ele>302.3</ele>
      </trkpt>
      <trkpt lat="42.62294" lon="140.79576">
        <ele>307.7</ele>
      </trkpt>
      <trkpt lat="42.62228" lon="140.79514">
        <ele>311.3</ele>
      </trkpt>
      <trkpt lat="42.62162" lon="140.79452">
        <ele>312.5</ele>
      </trkpt>
      <trkpt lat="42.62096" lon="140.7939">
        <ele>315.8</ele>
      </trkpt>
      <trkpt lat="42.6203" lon="140.79328">
        <ele>317.7</ele>
      </trkpt>
      <trkpt lat="42.61968" lon="140.7927">
        <ele>317.5</ele>
      </trkpt>
      <trkpt lat="42.61907" lon="140.79211">
        <ele>318.9</ele>
      </trkpt>
      <trkpt lat="42.61845" lon="140.79153">
        <ele>318.0</ele>
      </trkpt>
      <trkpt lat="42.61795" lon="140.79092">
        <ele>320.1</ele>
      </trkpt>
      <trkpt lat="42.6175" lon="140.79038">
        <ele>323.1</ele>
      </trkpt>
      <trkpt lat="42.61706" lon="140.78983">
        <ele>326.5</ele>
      </trkpt>
      <trkpt lat="42.61646" lon="140.78906">
        <ele>333.0</ele>
      </trkpt>
      <trkpt lat="42.61614" lon="140.78862">
        <ele>334.6</ele>
      </trkpt>
      <trkpt lat="42.61582" lon="140.78818">
        <ele>335.3</ele>
      </trkpt>
      <trkpt lat="42.61522" lon="140.78741">
        <ele>335.7</ele>
      </trkpt>
      <trkpt lat="42.61462" lon="140.78665">
        <ele>338.4</ele>
      </trkpt>
      <trkpt lat="42.61403" lon="140.78588">
        <ele>340.7</ele>
      </trkpt>
      <trkpt lat="42.61368" lon="140.78541">
        <ele>340.2</ele>
      </trkpt>
      <trkpt lat="42.61333" lon="140.78493">
        <ele>338.7</ele>
      </trkpt>
      <trkpt lat="42.61313" lon="140.78433">
        <ele>333.4</ele>
      </trkpt>
      <trkpt lat="42.61293" lon="140.78373">
        <ele>327.5</ele>
      </trkpt>
      <trkpt lat="42.61274" lon="140.78277">
        <ele>321.1</ele>
      </trkpt>
      <trkpt lat="42.61256" lon="140.7818">
        <ele>320.7</ele>
      </trkpt>
      <trkpt lat="42.61237" lon="140.78084">
        <ele>323.8</ele>
      </trkpt>
      <trkpt lat="42.61218" lon="140.77987">
        <ele>321.9</ele>
      </trkpt>
      <trkpt lat="42.612" lon="140.77897">
        <ele>316.4</ele>
      </trkpt>
      <trkpt lat="42.61181" lon="140.77806">
        <ele>306.3</ele>
      </trkpt>
      <trkpt lat="42.61171" lon="140.77771">
        <ele>303.9</ele>
      </trkpt>
      <trkpt lat="42.6116" lon="140.77748">
        <ele>301.6</ele>
      </trkpt>
      <trkpt lat="42.61142" lon="140.77728">
        <ele>301.3</ele>
      </trkpt>
      <trkpt lat="42.61113" lon="140.77713">
        <ele>299.2</ele>
      </trkpt>
      <trkpt lat="42.61077" lon="140.77707">
        <ele>296.0</ele>
      </trkpt>
      <trkpt lat="42.61011" lon="140.77729">
        <ele>291.4</ele>
      </trkpt>
      <trkpt lat="42.60992" lon="140.77731">
        <ele>289.9</ele>
      </trkpt>
      <trkpt lat="42.60959" lon="140.77727">
        <ele>287.1</ele>
      </trkpt>
      <trkpt lat="42.60924" lon="140.77712">
        <ele>286.1</ele>
      </trkpt>
      <trkpt lat="42.60896" lon="140.7769">
        <ele>284.1</ele>
      </trkpt>
      <trkpt lat="42.60881" lon="140.77671">
        <ele>283.1</ele>
      </trkpt>
      <trkpt lat="42.60861" lon="140.77634">
        <ele>280.7</ele>
      </trkpt>
      <trkpt lat="42.6084" lon="140.77576">
        <ele>279.4</ele>
      </trkpt>
      <trkpt lat="42.6082" lon="140.77518">
        <ele>282.1</ele>
      </trkpt>
      <trkpt lat="42.60789" lon="140.77451">
        <ele>282.8</ele>
      </trkpt>
      <trkpt lat="42.60764" lon="140.77408">
        <ele>280.3</ele>
      </trkpt>
      <trkpt lat="42.60702" lon="140.77344">
        <ele>276.7</ele>
      </trkpt>
      <trkpt lat="42.6065" lon="140.77309">
        <ele>274.8</ele>
      </trkpt>
      <trkpt lat="42.60575" lon="140.77294">
        <ele>266.2</ele>
      </trkpt>
      <trkpt lat="42.60499" lon="140.7728">
        <ele>265.4</ele>
      </trkpt>
      <trkpt lat="42.60423" lon="140.77265">
        <ele>260.9</ele>
      </trkpt>
      <trkpt lat="42.60348" lon="140.7725">
        <ele>252.4</ele>
      </trkpt>
      <trkpt lat="42.60309" lon="140.77255">
        <ele>248.7</ele>
      </trkpt>
      <trkpt lat="42.60287" lon="140.77264">
        <ele>247.1</ele>
      </trkpt>
      <trkpt lat="42.60259" lon="140.77279">
        <ele>244.7</ele>
      </trkpt>
      <trkpt lat="42.60228" lon="140.77308">
        <ele>243.1</ele>
      </trkpt>
      <trkpt lat="42.6019" lon="140.77362">
        <ele>240.6</ele>
      </trkpt>
      <trkpt lat="42.60152" lon="140.77417">
        <ele>240.6</ele>
      </trkpt>
      <trkpt lat="42.60102" lon="140.77492">
        <ele>241.6</ele>
      </trkpt>
      <trkpt lat="42.60052" lon="140.77567">
        <ele>231.7</ele>
      </trkpt>
      <trkpt lat="42.60042" lon="140.77578">
        <ele>230.4</ele>
      </trkpt>
      <trkpt lat="42.6001" lon="140.77608">
        <ele>229.2</ele>
      </trkpt>
      <trkpt lat="42.59983" lon="140.77626">
        <ele>225.8</ele>
      </trkpt>
      <trkpt lat="42.59935" lon="140.77636">
        <ele>219.9</ele>
      </trkpt>
      <trkpt lat="42.59887" lon="140.77645">
        <ele>216.3</ele>
      </trkpt>
      <trkpt lat="42.59851" lon="140.77658">
        <ele>214.3</ele>
      </trkpt>
      <trkpt lat="42.59828" lon="140.77673">
        <ele>214.0</ele>
      </trkpt>
      <trkpt lat="42.59816" lon="140.77685">
        <ele>216.9</ele>
      </trkpt>
      <trkpt lat="42.59804" lon="140.77699">
        <ele>219.1</ele>
      </trkpt>
      <trkpt lat="42.59793" lon="140.77718">
        <ele>220.5</ele>
      </trkpt>
      <trkpt lat="42.59781" lon="140.77745">
        <ele>220.7</ele>
      </trkpt>
      <trkpt lat="42.59769" lon="140.7779">
        <ele>217.0</ele>
      </trkpt>
      <trkpt lat="42.59755" lon="140.77883">
        <ele>209.6</ele>
      </trkpt>
      <trkpt lat="42.59741" lon="140.77975">
        <ele>210.8</ele>
      </trkpt>
      <trkpt lat="42.59728" lon="140.78068">
        <ele>209.9</ele>
      </trkpt>
      <trkpt lat="42.59714" lon="140.78161">
        <ele>202.5</ele>
      </trkpt>
      <trkpt lat="42.59703" lon="140.78202">
        <ele>197.2</ele>
      </trkpt>
      <trkpt lat="42.59686" lon="140.78238">
        <ele>195.0</ele>
      </trkpt>
      <trkpt lat="42.59661" lon="140.78265">
        <ele>195.5</ele>
      </trkpt>
      <trkpt lat="42.59639" lon="140.78278">
        <ele>193.0</ele>
      </trkpt>
      <trkpt lat="42.59606" lon="140.78291">
        <ele>190.8</ele>
      </trkpt>
      <trkpt lat="42.59583" lon="140.7829">
        <ele>191.9</ele>
      </trkpt>
      <trkpt lat="42.59556" lon="140.78281">
        <ele>189.2</ele>
      </trkpt>
      <trkpt lat="42.59513" lon="140.78246">
        <ele>187.7</ele>
      </trkpt>
      <trkpt lat="42.5947" lon="140.78211">
        <ele>188.5</ele>
      </trkpt>
      <trkpt lat="42.59449" lon="140.78203">
        <ele>188.7</ele>
      </trkpt>
      <trkpt lat="42.59409" lon="140.78202">
        <ele>188.0</ele>
      </trkpt>
      <trkpt lat="42.59323" lon="140.78225">
        <ele>190.5</ele>
      </trkpt>
      <trkpt lat="42.59236" lon="140.78248">
        <ele>181.5</ele>
      </trkpt>
      <trkpt lat="42.5915" lon="140.78271">
        <ele>173.1</ele>
      </trkpt>
      <trkpt lat="42.5913" lon="140.78286">
        <ele>173.8</ele>
      </trkpt>
      <trkpt lat="42.59116" lon="140.78303">
        <ele>173.4</ele>
      </trkpt>
      <trkpt lat="42.59104" lon="140.78325">
        <ele>171.6</ele>
      </trkpt>
      <trkpt lat="42.59098" lon="140.78343">
        <ele>170.0</ele>
      </trkpt>
      <trkpt lat="42.59089" lon="140.78411">
        <ele>164.1</ele>
      </trkpt>
      <trkpt lat="42.5908" lon="140.78479">
        <ele>160.4</ele>
      </trkpt>
      <trkpt lat="42.59077" lon="140.78515">
        <ele>158.3</ele>
      </trkpt>
      <trkpt lat="42.59063" lon="140.78632">
        <ele>153.1</ele>
      </trkpt>
      <trkpt lat="42.59049" lon="140.78748">
        <ele>150.0</ele>
      </trkpt>
      <trkpt lat="42.59035" lon="140.78865">
        <ele>146.7</ele>
      </trkpt>
      <trkpt lat="42.59022" lon="140.78982">
        <ele>138.2</ele>
      </trkpt>
      <trkpt lat="42.5901" lon="140.7905">
        <ele>135.3</ele>
      </trkpt>
      <trkpt lat="42.58998" lon="140.7909">
        <ele>134.8</ele>
      </trkpt>
      <trkpt lat="42.58979" lon="140.79128">
        <ele>133.9</ele>
      </trkpt>
      <trkpt lat="42.58959" lon="140.79155">
        <ele>131.8</ele>
      </trkpt>
      <trkpt lat="42.58933" lon="140.79183">
        <ele>127.1</ele>
      </trkpt>
      <trkpt lat="42.58869" lon="140.79231">
        <ele>125.8</ele>
      </trkpt>
      <trkpt lat="42.58805" lon="140.7928">
        <ele>116.3</ele>
      </trkpt>
      <trkpt lat="42.58744" lon="140.79322">
        <ele>106.7</ele>
      </trkpt>
      <trkpt lat="42.5869" lon="140.79354">
        <ele>109.4</ele>
      </trkpt>
      <trkpt lat="42.58623" lon="140.79382">
        <ele>106.1</ele>
      </trkpt>
      <trkpt lat="42.5855" lon="140.79396">
        <ele>99.9</ele>
      </trkpt>
      <trkpt lat="42.58478" lon="140.79409">
        <ele>94.2</ele>
      </trkpt>
      <trkpt lat="42.58426" lon="140.79434">
        <ele>92.2</ele>
      </trkpt>
      <trkpt lat="42.58361" lon="140.79472">
        <ele>95.4</ele>
      </trkpt>
      <trkpt lat="42.58313" lon="140.79496">
        <ele>96.5</ele>
      </trkpt>
      <trkpt lat="42.58266" lon="140.79521">
        <ele>95.5</ele>
      </trkpt>
      <trkpt lat="42.58203" lon="140.7954">
        <ele>94.3</ele>
      </trkpt>
      <trkpt lat="42.58117" lon="140.79562">
        <ele>93.7</ele>
      </trkpt>
      <trkpt lat="42.58031" lon="140.79584">
        <ele>95.0</ele>
      </trkpt>
      <trkpt lat="42.57972" lon="140.79614">
        <ele>94.1</ele>
      </trkpt>
      <trkpt lat="42.57913" lon="140.79645">
        <ele>92.8</ele>
      </trkpt>
      <trkpt lat="42.57837" lon="140.797">
        <ele>99.3</ele>
      </trkpt>
      <trkpt lat="42.578" lon="140.79743">
        <ele>103.1</ele>
      </trkpt>
      <trkpt lat="42.5777" lon="140.79782">
        <ele>101.3</ele>
      </trkpt>
      <trkpt lat="42.57742" lon="140.79806">
        <ele>99.1</ele>
      </trkpt>
      <trkpt lat="42.57702" lon="140.79824">
        <ele>95.0</ele>
      </trkpt>
      <trkpt lat="42.57672" lon="140.79824">
        <ele>96.3</ele>
      </trkpt>
      <trkpt lat="42.57599" lon="140.79813">
        <ele>92.7</ele>
      </trkpt>
      <trkpt lat="42.57525" lon="140.79803">
        <ele>93.6</ele>
      </trkpt>
      <trkpt lat="42.57436" lon="140.79809">
        <ele>95.3</ele>
      </trkpt>
      <trkpt lat="42.57346" lon="140.79815">
        <ele>94.4</ele>
      </trkpt>
      <trkpt lat="42.57272" lon="140.79829">
        <ele>93.0</ele>
      </trkpt>
      <trkpt lat="42.57198" lon="140.79842">
        <ele>94.2</ele>
      </trkpt>
      <trkpt lat="42.57157" lon="140.79868">
        <ele>93.6</ele>
      </trkpt>
      <trkpt lat="42.57116" lon="140.79895">
        <ele>95.9</ele>
      </trkpt>
      <trkpt lat="42.57065" lon="140.79975">
        <ele>98.1</ele>
      </trkpt>
      <trkpt lat="42.57009" lon="140.80065">
        <ele>103.0</ele>
      </trkpt>
      <trkpt lat="42.56997" lon="140.80108">
        <ele>104.0</ele>
      </trkpt>
      <trkpt lat="42.56993" lon="140.80131">
        <ele>103.3</ele>
      </trkpt>
      <trkpt lat="42.56994" lon="140.8016">
        <ele>101.4</ele>
      </trkpt>
      <trkpt lat="42.57003" lon="140.80238">
        <ele>99.2</ele>
      </trkpt>
      <trkpt lat="42.57013" lon="140.80316">
        <ele>96.7</ele>
      </trkpt>
      <trkpt lat="42.57015" lon="140.80355">
        <ele>95.4</ele>
      </trkpt>
      <trkpt lat="42.57013" lon="140.80374">
        <ele>94.3</ele>
      </trkpt>
      <trkpt lat="42.57008" lon="140.80398">
        <ele>92.7</ele>
      </trkpt>
      <trkpt lat="42.56995" lon="140.80426">
        <ele>90.1</ele>
      </trkpt>
      <trkpt lat="42.56983" lon="140.80443">
        <ele>88.6</ele>
      </trkpt>
      <trkpt lat="42.56971" lon="140.80453">
        <ele>87.9</ele>
      </trkpt>
      <trkpt lat="42.56926" lon="140.8048">
        <ele>87.0</ele>
      </trkpt>
      <trkpt lat="42.56872" lon="140.80509">
        <ele>87.2</ele>
      </trkpt>
      <trkpt lat="42.56818" lon="140.80538">
        <ele>90.6</ele>
      </trkpt>
      <trkpt lat="42.56765" lon="140.80575">
        <ele>96.6</ele>
      </trkpt>
      <trkpt lat="42.56725" lon="140.80615">
        <ele>100.2</ele>
      </trkpt>
      <trkpt lat="42.56696" lon="140.80647">
        <ele>100.0</ele>
      </trkpt>
      <trkpt lat="42.56656" lon="140.80703">
        <ele>96.0</ele>
      </trkpt>
      <trkpt lat="42.5661" lon="140.8079">
        <ele>90.4</ele>
      </trkpt>
      <trkpt lat="42.56563" lon="140.80877">
        <ele>86.0</ele>
      </trkpt>
      <trkpt lat="42.5653" lon="140.80937">
        <ele>84.5</ele>
      </trkpt>
      <trkpt lat="42.56497" lon="140.80997">
        <ele>85.1</ele>
      </trkpt>
      <trkpt lat="42.56461" lon="140.81059">
        <ele>85.9</ele>
      </trkpt>
      <trkpt lat="42.56452" lon="140.81072">
        <ele>86.3</ele>
      </trkpt>
      <trkpt lat="42.56444" lon="140.8109">
        <ele>86.8</ele>
      </trkpt>
      <trkpt lat="42.56434" lon="140.81125">
        <ele>88.0</ele>
      </trkpt>
      <trkpt lat="42.56432" lon="140.81159">
        <ele>88.9</ele>
      </trkpt>
      <trkpt lat="42.56434" lon="140.81179">
        <ele>89.2</ele>
      </trkpt>
      <trkpt lat="42.56446" lon="140.81254">
        <ele>89.5</ele>
      </trkpt>
      <trkpt lat="42.56458" lon="140.81328">
        <ele>88.5</ele>
      </trkpt>
      <trkpt lat="42.56464" lon="140.81406">
        <ele>89.6</ele>
      </trkpt>
      <trkpt lat="42.56464" lon="140.81502">
        <ele>90.8</ele>
      </trkpt>
      <trkpt lat="42.56465" lon="140.81598">
        <ele>89.1</ele>
      </trkpt>
      <trkpt lat="42.56466" lon="140.81628">
        <ele>89.6</ele>
      </trkpt>
      <trkpt lat="42.56466" lon="140.8166">
        <ele>90.1</ele>
      </trkpt>
      <trkpt lat="42.56468" lon="140.81688">
        <ele>90.9</ele>
      </trkpt>
      <trkpt lat="42.5647" lon="140.8177">
        <ele>92.7</ele>
      </trkpt>
      <trkpt lat="42.56473" lon="140.81853">
        <ele>92.7</ele>
      </trkpt>
      <trkpt lat="42.56474" lon="140.8196">
        <ele>94.6</ele>
      </trkpt>
      <trkpt lat="42.56474" lon="140.82066">
        <ele>94.4</ele>
      </trkpt>
      <trkpt lat="42.56475" lon="140.82173">
        <ele>93.6</ele>
      </trkpt>
      <trkpt lat="42.56476" lon="140.8228">
        <ele>94.5</ele>
      </trkpt>
      <trkpt lat="42.56477" lon="140.82387">
        <ele>94.8</ele>
      </trkpt>
      <trkpt lat="42.56483" lon="140.82463">
        <ele>94.0</ele>
      </trkpt>
      <trkpt lat="42.56488" lon="140.82539">
        <ele>92.5</ele>
      </trkpt>
      <trkpt lat="42.56498" lon="140.826">
        <ele>90.7</ele>
      </trkpt>
      <trkpt lat="42.56502" lon="140.82632">
        <ele>90.4</ele>
      </trkpt>
      <trkpt lat="42.56503" lon="140.82656">
        <ele>90.5</ele>
      </trkpt>
      <trkpt lat="42.56502" lon="140.82679">
        <ele>91.9</ele>
      </trkpt>
      <trkpt lat="42.56498" lon="140.82705">
        <ele>95.4</ele>
      </trkpt>
      <trkpt lat="42.56487" lon="140.82763">
        <ele>104.8</ele>
      </trkpt>
      <trkpt lat="42.56487" lon="140.82772">
        <ele>105.1</ele>
      </trkpt>
      <trkpt lat="42.56489" lon="140.82887">
        <ele>103.6</ele>
      </trkpt>
      <trkpt lat="42.56491" lon="140.83002">
        <ele>103.3</ele>
      </trkpt>
      <trkpt lat="42.56494" lon="140.83099">
        <ele>99.4</ele>
      </trkpt>
      <trkpt lat="42.56497" lon="140.83132">
        <ele>96.7</ele>
      </trkpt>
      <trkpt lat="42.5651" lon="140.83205">
        <ele>95.4</ele>
      </trkpt>
      <trkpt lat="42.56522" lon="140.83278">
        <ele>98.7</ele>
      </trkpt>
      <trkpt lat="42.56527" lon="140.83326">
        <ele>99.8</ele>
      </trkpt>
      <trkpt lat="42.56527" lon="140.83363">
        <ele>100.2</ele>
      </trkpt>
      <trkpt lat="42.56519" lon="140.8343">
        <ele>101.6</ele>
      </trkpt>
      <trkpt lat="42.56504" lon="140.83522">
        <ele>100.5</ele>
      </trkpt>
      <trkpt lat="42.56488" lon="140.83613">
        <ele>97.0</ele>
      </trkpt>
      <trkpt lat="42.56472" lon="140.83704">
        <ele>93.8</ele>
      </trkpt>
      <trkpt lat="42.56456" lon="140.83796">
        <ele>89.7</ele>
      </trkpt>
      <trkpt lat="42.56446" lon="140.83859">
        <ele>86.7</ele>
      </trkpt>
      <trkpt lat="42.56437" lon="140.83922">
        <ele>85.2</ele>
      </trkpt>
      <trkpt lat="42.56421" lon="140.84036">
        <ele>86.0</ele>
      </trkpt>
      <trkpt lat="42.56405" lon="140.8415">
        <ele>87.9</ele>
      </trkpt>
      <trkpt lat="42.56389" lon="140.84264">
        <ele>86.5</ele>
      </trkpt>
      <trkpt lat="42.56374" lon="140.84379">
        <ele>83.2</ele>
      </trkpt>
      <trkpt lat="42.56365" lon="140.84428">
        <ele>82.7</ele>
      </trkpt>
      <trkpt lat="42.56354" lon="140.84461">
        <ele>83.7</ele>
      </trkpt>
      <trkpt lat="42.56344" lon="140.84485">
        <ele>84.5</ele>
      </trkpt>
      <trkpt lat="42.56315" lon="140.84533">
        <ele>84.8</ele>
      </trkpt>
      <trkpt lat="42.56285" lon="140.84581">
        <ele>84.2</ele>
      </trkpt>
      <trkpt lat="42.56251" lon="140.84634">
        <ele>85.6</ele>
      </trkpt>
      <trkpt lat="42.56216" lon="140.84688">
        <ele>86.3</ele>
      </trkpt>
      <trkpt lat="42.562" lon="140.84712">
        <ele>86.5</ele>
      </trkpt>
      <trkpt lat="42.56156" lon="140.84773">
        <ele>86.9</ele>
      </trkpt>
      <trkpt lat="42.56115" lon="140.84814">
        <ele>85.7</ele>
      </trkpt>
      <trkpt lat="42.56088" lon="140.84843">
        <ele>86.2</ele>
      </trkpt>
      <trkpt lat="42.56075" lon="140.84864">
        <ele>86.4</ele>
      </trkpt>
      <trkpt lat="42.5605" lon="140.84918">
        <ele>86.3</ele>
      </trkpt>
      <trkpt lat="42.56034" lon="140.84972">
        <ele>85.1</ele>
      </trkpt>
      <trkpt lat="42.56025" lon="140.85033">
        <ele>85.0</ele>
      </trkpt>
      <trkpt lat="42.56022" lon="140.85107">
        <ele>84.5</ele>
      </trkpt>
      <trkpt lat="42.5602" lon="140.8518">
        <ele>82.9</ele>
      </trkpt>
      <trkpt lat="42.56018" lon="140.85199">
        <ele>82.8</ele>
      </trkpt>
      <trkpt lat="42.56009" lon="140.85237">
        <ele>82.8</ele>
      </trkpt>
      <trkpt lat="42.56003" lon="140.85255">
        <ele>82.7</ele>
      </trkpt>
      <trkpt lat="42.55984" lon="140.85298">
        <ele>82.4</ele>
      </trkpt>
      <trkpt lat="42.55962" lon="140.85328">
        <ele>83.3</ele>
      </trkpt>
      <trkpt lat="42.55922" lon="140.85376">
        <ele>83.2</ele>
      </trkpt>
      <trkpt lat="42.55885" lon="140.85411">
        <ele>82.7</ele>
      </trkpt>
      <trkpt lat="42.55839" lon="140.85457">
        <ele>82.9</ele>
      </trkpt>
      <trkpt lat="42.55793" lon="140.85504">
        <ele>84.6</ele>
      </trkpt>
      <trkpt lat="42.55744" lon="140.85562">
        <ele>83.1</ele>
      </trkpt>
      <trkpt lat="42.55694" lon="140.8562">
        <ele>84.2</ele>
      </trkpt>
      <trkpt lat="42.55683" lon="140.85633">
        <ele>84.5</ele>
      </trkpt>
      <trkpt lat="42.55631" lon="140.85701">
        <ele>84.8</ele>
      </trkpt>
      <trkpt lat="42.55623" lon="140.85726">
        <ele>84.6</ele>
      </trkpt>
      <trkpt lat="42.55617" lon="140.85745">
        <ele>84.3</ele>
      </trkpt>
      <trkpt lat="42.55616" lon="140.8577">
        <ele>84.4</ele>
      </trkpt>
      <trkpt lat="42.55617" lon="140.85795">
        <ele>84.4</ele>
      </trkpt>
      <trkpt lat="42.55621" lon="140.85814">
        <ele>84.2</ele>
      </trkpt>
      <trkpt lat="42.55648" lon="140.85903">
        <ele>83.8</ele>
      </trkpt>
      <trkpt lat="42.55675" lon="140.85992">
        <ele>84.3</ele>
      </trkpt>
      <trkpt lat="42.55702" lon="140.86081">
        <ele>84.0</ele>
      </trkpt>
      <trkpt lat="42.55729" lon="140.8617">
        <ele>83.3</ele>
      </trkpt>
      <trkpt lat="42.55735" lon="140.8621">
        <ele>83.3</ele>
      </trkpt>
      <trkpt lat="42.55739" lon="140.86277">
        <ele>82.8</ele>
      </trkpt>
      <trkpt lat="42.55739" lon="140.8635">
        <ele>81.8</ele>
      </trkpt>
      <trkpt lat="42.5574" lon="140.86424">
        <ele>82.3</ele>
      </trkpt>
      <trkpt lat="42.55739" lon="140.86472">
        <ele>81.4</ele>
      </trkpt>
      <trkpt lat="42.55733" lon="140.86545">
        <ele>81.6</ele>
      </trkpt>
      <trkpt lat="42.55731" lon="140.86562">
        <ele>81.8</ele>
      </trkpt>
      <trkpt lat="42.55729" lon="140.86638">
        <ele>84.0</ele>
      </trkpt>
      <trkpt lat="42.55732" lon="140.86713">
        <ele>87.7</ele>
      </trkpt>
      <trkpt lat="42.55736" lon="140.86788">
        <ele>91.2</ele>
      </trkpt>
      <trkpt lat="42.55745" lon="140.86873">
        <ele>91.9</ele>
      </trkpt>
      <trkpt lat="42.55754" lon="140.86959">
        <ele>90.9</ele>
      </trkpt>
      <trkpt lat="42.55763" lon="140.87044">
        <ele>90.1</ele>
      </trkpt>
      <trkpt lat="42.5577" lon="140.87113">
        <ele>89.4</ele>
      </trkpt>
      <trkpt lat="42.55774" lon="140.87177">
        <ele>89.6</ele>
      </trkpt>
      <trkpt lat="42.55774" lon="140.87247">
        <ele>91.3</ele>
      </trkpt>
      <trkpt lat="42.55772" lon="140.87282">
        <ele>90.1</ele>
      </trkpt>
      <trkpt lat="42.55764" lon="140.87355">
        <ele>87.3</ele>
      </trkpt>
      <trkpt lat="42.55756" lon="140.87428">
        <ele>84.7</ele>
      </trkpt>
      <trkpt lat="42.55756" lon="140.87469">
        <ele>84.7</ele>
      </trkpt>
      <trkpt lat="42.5576" lon="140.87495">
        <ele>84.4</ele>
      </trkpt>
      <trkpt lat="42.55767" lon="140.87522">
        <ele>85.5</ele>
      </trkpt>
      <trkpt lat="42.55777" lon="140.87547">
        <ele>85.8</ele>
      </trkpt>
      <trkpt lat="42.5579" lon="140.87569">
        <ele>85.2</ele>
      </trkpt>
      <trkpt lat="42.55804" lon="140.87587">
        <ele>84.1</ele>
      </trkpt>
      <trkpt lat="42.55842" lon="140.87628">
        <ele>84.0</ele>
      </trkpt>
      <trkpt lat="42.55881" lon="140.87669">
        <ele>85.8</ele>
      </trkpt>
      <trkpt lat="42.55902" lon="140.87689">
        <ele>85.7</ele>
      </trkpt>
      <trkpt lat="42.55952" lon="140.87728">
        <ele>85.3</ele>
      </trkpt>
      <trkpt lat="42.55987" lon="140.87747">
        <ele>85.9</ele>
      </trkpt>
      <trkpt lat="42.56057" lon="140.87775">
        <ele>89.3</ele>
      </trkpt>
      <trkpt lat="42.56105" lon="140.8778">
        <ele>91.2</ele>
      </trkpt>
      <trkpt lat="42.56154" lon="140.87785">
        <ele>93.0</ele>
      </trkpt>
      <trkpt lat="42.56192" lon="140.87795">
        <ele>92.9</ele>
      </trkpt>
      <trkpt lat="42.56223" lon="140.87811">
        <ele>93.1</ele>
      </trkpt>
      <trkpt lat="42.5624" lon="140.87821">
        <ele>93.6</ele>
      </trkpt>
      <trkpt lat="42.56288" lon="140.87861">
        <ele>98.2</ele>
      </trkpt>
      <trkpt lat="42.56336" lon="140.879">
        <ele>98.7</ele>
      </trkpt>
      <trkpt lat="42.56384" lon="140.87945">
        <ele>98.6</ele>
      </trkpt>
      <trkpt lat="42.56432" lon="140.8799">
        <ele>100.9</ele>
      </trkpt>
      <trkpt lat="42.56445" lon="140.88001">
        <ele>99.3</ele>
      </trkpt>
      <trkpt lat="42.56489" lon="140.88055">
        <ele>97.6</ele>
      </trkpt>
      <trkpt lat="42.56499" lon="140.88077">
        <ele>98.9</ele>
      </trkpt>
      <trkpt lat="42.56503" lon="140.881">
        <ele>95.4</ele>
      </trkpt>
      <trkpt lat="42.56501" lon="140.88127">
        <ele>89.5</ele>
      </trkpt>
      <trkpt lat="42.56495" lon="140.88145">
        <ele>88.2</ele>
      </trkpt>
      <trkpt lat="42.56487" lon="140.88162">
        <ele>90.4</ele>
      </trkpt>
      <trkpt lat="42.56467" lon="140.88223">
        <ele>100.2</ele>
      </trkpt>
      <trkpt lat="42.56446" lon="140.88283">
        <ele>102.9</ele>
      </trkpt>
      <trkpt lat="42.56435" lon="140.8831">
        <ele>101.4</ele>
      </trkpt>
      <trkpt lat="42.56422" lon="140.88327">
        <ele>100.6</ele>
      </trkpt>
      <trkpt lat="42.56407" lon="140.88342">
        <ele>98.5</ele>
      </trkpt>
      <trkpt lat="42.56356" lon="140.88385">
        <ele>92.2</ele>
      </trkpt>
      <trkpt lat="42.56304" lon="140.88428">
        <ele>88.4</ele>
      </trkpt>
      <trkpt lat="42.56253" lon="140.88471">
        <ele>90.5</ele>
      </trkpt>
      <trkpt lat="42.56277" lon="140.88514">
        <ele>90.6</ele>
      </trkpt>
      <trkpt lat="42.56294" lon="140.88539">
        <ele>93.4</ele>
      </trkpt>
      <trkpt lat="42.56323" lon="140.88575">
        <ele>96.1</ele>
      </trkpt>
      <trkpt lat="42.56366" lon="140.88616">
        <ele>97.8</ele>
      </trkpt>
      <trkpt lat="42.56417" lon="140.88672">
        <ele>95.9</ele>
      </trkpt>
      <trkpt lat="42.56444" lon="140.88706">
        <ele>97.1</ele>
      </trkpt>
      <trkpt lat="42.56484" lon="140.88765">
        <ele>95.3</ele>
      </trkpt>
      <trkpt lat="42.56523" lon="140.88824">
        <ele>95.9</ele>
      </trkpt>
      <trkpt lat="42.56546" lon="140.88853">
        <ele>96.4</ele>
      </trkpt>
      <trkpt lat="42.56611" lon="140.8891">
        <ele>98.8</ele>
      </trkpt>
      <trkpt lat="42.56676" lon="140.88967">
        <ele>95.2</ele>
      </trkpt>
      <trkpt lat="42.56741" lon="140.89025">
        <ele>97.8</ele>
      </trkpt>
      <trkpt lat="42.56761" lon="140.89052">
        <ele>99.4</ele>
      </trkpt>
      <trkpt lat="42.56803" lon="140.8913">
        <ele>104.0</ele>
      </trkpt>
      <trkpt lat="42.56825" lon="140.89162">
        <ele>103.0</ele>
      </trkpt>
      <trkpt lat="42.56888" lon="140.89231">
        <ele>100.7</ele>
      </trkpt>
      <trkpt lat="42.56951" lon="140.89272">
        <ele>103.0</ele>
      </trkpt>
      <trkpt lat="42.57013" lon="140.89312">
        <ele>105.8</ele>
      </trkpt>
      <trkpt lat="42.57076" lon="140.89353">
        <ele>113.0</ele>
      </trkpt>
      <trkpt lat="42.57085" lon="140.89366">
        <ele>114.1</ele>
      </trkpt>
      <trkpt lat="42.57104" lon="140.89428">
        <ele>113.8</ele>
      </trkpt>
      <trkpt lat="42.5713" lon="140.89477">
        <ele>114.7</ele>
      </trkpt>
      <trkpt lat="42.57142" lon="140.89508">
        <ele>117.5</ele>
      </trkpt>
      <trkpt lat="42.57148" lon="140.89534">
        <ele>118.0</ele>
      </trkpt>
      <trkpt lat="42.57151" lon="140.89568">
        <ele>120.1</ele>
      </trkpt>
      <trkpt lat="42.57149" lon="140.89609">
        <ele>121.2</ele>
      </trkpt>
      <trkpt lat="42.57141" lon="140.89694">
        <ele>119.2</ele>
      </trkpt>
      <trkpt lat="42.5714" lon="140.89716">
        <ele>117.5</ele>
      </trkpt>
      <trkpt lat="42.57143" lon="140.89738">
        <ele>114.6</ele>
      </trkpt>
      <trkpt lat="42.57148" lon="140.8976">
        <ele>112.0</ele>
      </trkpt>
      <trkpt lat="42.57156" lon="140.8978">
        <ele>110.9</ele>
      </trkpt>
      <trkpt lat="42.57182" lon="140.89834">
        <ele>107.0</ele>
      </trkpt>
      <trkpt lat="42.57192" lon="140.89865">
        <ele>104.3</ele>
      </trkpt>
      <trkpt lat="42.57198" lon="140.899">
        <ele>103.1</ele>
      </trkpt>
      <trkpt lat="42.57199" lon="140.89927">
        <ele>102.0</ele>
      </trkpt>
      <trkpt lat="42.57196" lon="140.89967">
        <ele>99.0</ele>
      </trkpt>
      <trkpt lat="42.57188" lon="140.90004">
        <ele>96.3</ele>
      </trkpt>
      <trkpt lat="42.57173" lon="140.90041">
        <ele>94.3</ele>
      </trkpt>
      <trkpt lat="42.57166" lon="140.90068">
        <ele>91.3</ele>
      </trkpt>
      <trkpt lat="42.57161" lon="140.90095">
        <ele>90.1</ele>
      </trkpt>
      <trkpt lat="42.57154" lon="140.9015">
        <ele>93.6</ele>
      </trkpt>
      <trkpt lat="42.57125" lon="140.9014">
        <ele>96.2</ele>
      </trkpt>
      <trkpt lat="42.57095" lon="140.90134">
        <ele>99.0</ele>
      </trkpt>
      <trkpt lat="42.57061" lon="140.90132">
        <ele>102.3</ele>
      </trkpt>
      <trkpt lat="42.57014" lon="140.9014">
        <ele>108.0</ele>
      </trkpt>
      <trkpt lat="42.56975" lon="140.90155">
        <ele>116.2</ele>
      </trkpt>
      <trkpt lat="42.56935" lon="140.90179">
        <ele>126.3</ele>
      </trkpt>
      <trkpt lat="42.56905" lon="140.90205">
        <ele>133.9</ele>
      </trkpt>
      <trkpt lat="42.56879" lon="140.90235">
        <ele>142.4</ele>
      </trkpt>
      <trkpt lat="42.56853" lon="140.90274">
        <ele>154.7</ele>
      </trkpt>
      <trkpt lat="42.5682" lon="140.90336">
        <ele>170.9</ele>
      </trkpt>
      <trkpt lat="42.56778" lon="140.90435">
        <ele>158.8</ele>
      </trkpt>
      <trkpt lat="42.56736" lon="140.90534">
        <ele>138.6</ele>
      </trkpt>
      <trkpt lat="42.56695" lon="140.90633">
        <ele>115.0</ele>
      </trkpt>
      <trkpt lat="42.56669" lon="140.90702">
        <ele>105.7</ele>
      </trkpt>
      <trkpt lat="42.56645" lon="140.90774">
        <ele>99.9</ele>
      </trkpt>
      <trkpt lat="42.56616" lon="140.90881">
        <ele>92.7</ele>
      </trkpt>
      <trkpt lat="42.56594" lon="140.90983">
        <ele>89.7</ele>
      </trkpt>
      <trkpt lat="42.56576" lon="140.91084">
        <ele>89.6</ele>
      </trkpt>
      <trkpt lat="42.56568" lon="140.91117">
        <ele>89.7</ele>
      </trkpt>
      <trkpt lat="42.56554" lon="140.91158">
        <ele>89.5</ele>
      </trkpt>
      <trkpt lat="42.56534" lon="140.91195">
        <ele>88.5</ele>
      </trkpt>
      <trkpt lat="42.56503" lon="140.91233">
        <ele>87.1</ele>
      </trkpt>
      <trkpt lat="42.56445" lon="140.91286">
        <ele>84.9</ele>
      </trkpt>
      <trkpt lat="42.56387" lon="140.91339">
        <ele>82.8</ele>
      </trkpt>
      <trkpt lat="42.5641" lon="140.91374">
        <ele>83.6</ele>
      </trkpt>
      <trkpt lat="42.56438" lon="140.91403">
        <ele>84.1</ele>
      </trkpt>
      <trkpt lat="42.56501" lon="140.91436">
        <ele>83.4</ele>
      </trkpt>
      <trkpt lat="42.56539" lon="140.91458">
        <ele>85.1</ele>
      </trkpt>
      <trkpt lat="42.56569" lon="140.91484">
        <ele>86.9</ele>
      </trkpt>
      <trkpt lat="42.566" lon="140.91523">
        <ele>88.3</ele>
      </trkpt>
      <trkpt lat="42.56626" lon="140.9157">
        <ele>89.6</ele>
      </trkpt>
      <trkpt lat="42.56653" lon="140.91644">
        <ele>90.3</ele>
      </trkpt>
      <trkpt lat="42.56681" lon="140.91719">
        <ele>90.2</ele>
      </trkpt>
      <trkpt lat="42.56708" lon="140.91794">
        <ele>91.4</ele>
      </trkpt>
      <trkpt lat="42.56715" lon="140.91823">
        <ele>91.7</ele>
      </trkpt>
      <trkpt lat="42.56726" lon="140.91906">
        <ele>92.8</ele>
      </trkpt>
      <trkpt lat="42.56733" lon="140.91976">
        <ele>93.7</ele>
      </trkpt>
      <trkpt lat="42.56739" lon="140.92046">
        <ele>95.1</ele>
      </trkpt>
      <trkpt lat="42.56748" lon="140.92096">
        <ele>96.2</ele>
      </trkpt>
      <trkpt lat="42.56763" lon="140.92147">
        <ele>96.9</ele>
      </trkpt>
      <trkpt lat="42.56777" lon="140.9218">
        <ele>97.0</ele>
      </trkpt>
      <trkpt lat="42.56802" lon="140.92227">
        <ele>95.7</ele>
      </trkpt>
      <trkpt lat="42.56832" lon="140.92266">
        <ele>94.7</ele>
      </trkpt>
      <trkpt lat="42.56872" lon="140.9231">
        <ele>95.3</ele>
      </trkpt>
      <trkpt lat="42.56912" lon="140.92354">
        <ele>97.5</ele>
      </trkpt>
      <trkpt lat="42.56964" lon="140.92414">
        <ele>98.8</ele>
      </trkpt>
      <trkpt lat="42.57015" lon="140.9248">
        <ele>98.1</ele>
      </trkpt>
      <trkpt lat="42.57078" lon="140.92566">
        <ele>99.5</ele>
      </trkpt>
      <trkpt lat="42.57141" lon="140.92652">
        <ele>101.3</ele>
      </trkpt>
      <trkpt lat="42.57204" lon="140.92739">
        <ele>101.1</ele>
      </trkpt>
      <trkpt lat="42.57267" lon="140.92825">
        <ele>101.9</ele>
      </trkpt>
      <trkpt lat="42.5733" lon="140.92911">
        <ele>104.9</ele>
      </trkpt>
      <trkpt lat="42.57348" lon="140.92942">
        <ele>105.2</ele>
      </trkpt>
      <trkpt lat="42.57366" lon="140.92982">
        <ele>105.4</ele>
      </trkpt>
      <trkpt lat="42.57407" lon="140.93089">
        <ele>105.8</ele>
      </trkpt>
      <trkpt lat="42.57447" lon="140.93196">
        <ele>107.2</ele>
      </trkpt>
      <trkpt lat="42.57488" lon="140.93304">
        <ele>108.8</ele>
      </trkpt>
      <trkpt lat="42.57529" lon="140.93411">
        <ele>108.8</ele>
      </trkpt>
      <trkpt lat="42.57569" lon="140.93518">
        <ele>108.0</ele>
      </trkpt>
      <trkpt lat="42.5761" lon="140.93625">
        <ele>109.9</ele>
      </trkpt>
      <trkpt lat="42.57626" lon="140.93681">
        <ele>110.7</ele>
      </trkpt>
      <trkpt lat="42.57652" lon="140.93787">
        <ele>114.3</ele>
      </trkpt>
      <trkpt lat="42.57678" lon="140.93894">
        <ele>115.5</ele>
      </trkpt>
      <trkpt lat="42.57703" lon="140.94">
        <ele>115.2</ele>
      </trkpt>
      <trkpt lat="42.57729" lon="140.94107">
        <ele>115.7</ele>
      </trkpt>
      <trkpt lat="42.57754" lon="140.94214">
        <ele>117.3</ele>
      </trkpt>
      <trkpt lat="42.5778" lon="140.9432">
        <ele>118.3</ele>
      </trkpt>
      <trkpt lat="42.57806" lon="140.94427">
        <ele>120.8</ele>
      </trkpt>
      <trkpt lat="42.57831" lon="140.94533">
        <ele>120.2</ele>
      </trkpt>
      <trkpt lat="42.57857" lon="140.9464">
        <ele>121.0</ele>
      </trkpt>
      <trkpt lat="42.57883" lon="140.94746">
        <ele>122.8</ele>
      </trkpt>
      <trkpt lat="42.57908" lon="140.94853">
        <ele>126.0</ele>
      </trkpt>
      <trkpt lat="42.57914" lon="140.94896">
        <ele>126.7</ele>
      </trkpt>
      <trkpt lat="42.57914" lon="140.94952">
        <ele>127.5</ele>
      </trkpt>
      <trkpt lat="42.57901" lon="140.95067">
        <ele>128.3</ele>
      </trkpt>
      <trkpt lat="42.57888" lon="140.95181">
        <ele>127.7</ele>
      </trkpt>
      <trkpt lat="42.57876" lon="140.95295">
        <ele>127.4</ele>
      </trkpt>
      <trkpt lat="42.57863" lon="140.95409">
        <ele>128.7</ele>
      </trkpt>
      <trkpt lat="42.57861" lon="140.95429">
        <ele>128.9</ele>
      </trkpt>
      <trkpt lat="42.57855" lon="140.95503">
        <ele>129.8</ele>
      </trkpt>
      <trkpt lat="42.57854" lon="140.9559">
        <ele>129.4</ele>
      </trkpt>
      <trkpt lat="42.57852" lon="140.95677">
        <ele>128.2</ele>
      </trkpt>
      <trkpt lat="42.57856" lon="140.9574">
        <ele>129.3</ele>
      </trkpt>
      <trkpt lat="42.57859" lon="140.95755">
        <ele>129.8</ele>
      </trkpt>
      <trkpt lat="42.57849" lon="140.95764">
        <ele>129.0</ele>
      </trkpt>
      <trkpt lat="42.578" lon="140.95793">
        <ele>128.8</ele>
      </trkpt>
      <trkpt lat="42.5779" lon="140.95794">
        <ele>129.1</ele>
      </trkpt>
      <trkpt lat="42.57726" lon="140.95833">
        <ele>130.8</ele>
      </trkpt>
      <trkpt lat="42.57663" lon="140.95871">
        <ele>133.9</ele>
      </trkpt>
      <trkpt lat="42.57599" lon="140.95909">
        <ele>135.6</ele>
      </trkpt>
      <trkpt lat="42.57562" lon="140.95943">
        <ele>136.9</ele>
      </trkpt>
      <trkpt lat="42.57541" lon="140.95971">
        <ele>137.8</ele>
      </trkpt>
      <trkpt lat="42.57514" lon="140.96017">
        <ele>139.4</ele>
      </trkpt>
      <trkpt lat="42.575" lon="140.96056">
        <ele>140.0</ele>
      </trkpt>
      <trkpt lat="42.57489" lon="140.96107">
        <ele>140.8</ele>
      </trkpt>
      <trkpt lat="42.57477" lon="140.96224">
        <ele>142.5</ele>
      </trkpt>
      <trkpt lat="42.57464" lon="140.96341">
        <ele>145.3</ele>
      </trkpt>
      <trkpt lat="42.57451" lon="140.96458">
        <ele>147.1</ele>
      </trkpt>
      <trkpt lat="42.57438" lon="140.96576">
        <ele>149.4</ele>
      </trkpt>
      <trkpt lat="42.57424" lon="140.96694">
        <ele>153.4</ele>
      </trkpt>
      <trkpt lat="42.57422" lon="140.96743">
        <ele>154.6</ele>
      </trkpt>
      <trkpt lat="42.57423" lon="140.96846">
        <ele>154.5</ele>
      </trkpt>
      <trkpt lat="42.57425" lon="140.96908">
        <ele>153.8</ele>
      </trkpt>
      <trkpt lat="42.57429" lon="140.97025">
        <ele>155.0</ele>
      </trkpt>
      <trkpt lat="42.57435" lon="140.9713">
        <ele>159.4</ele>
      </trkpt>
      <trkpt lat="42.57441" lon="140.97235">
        <ele>163.5</ele>
      </trkpt>
      <trkpt lat="42.57446" lon="140.97339">
        <ele>168.6</ele>
      </trkpt>
      <trkpt lat="42.57451" lon="140.97437">
        <ele>171.3</ele>
      </trkpt>
      <trkpt lat="42.57455" lon="140.97534">
        <ele>173.1</ele>
      </trkpt>
      <trkpt lat="42.57453" lon="140.97569">
        <ele>175.3</ele>
      </trkpt>
      <trkpt lat="42.57442" lon="140.97627">
        <ele>177.0</ele>
      </trkpt>
      <trkpt lat="42.57426" lon="140.97665">
        <ele>179.4</ele>
      </trkpt>
      <trkpt lat="42.57406" lon="140.97706">
        <ele>176.4</ele>
      </trkpt>
      <trkpt lat="42.57386" lon="140.97735">
        <ele>173.1</ele>
      </trkpt>
      <trkpt lat="42.57315" lon="140.97796">
        <ele>173.9</ele>
      </trkpt>
      <trkpt lat="42.57286" lon="140.97816">
        <ele>175.1</ele>
      </trkpt>
      <trkpt lat="42.57237" lon="140.9784">
        <ele>177.4</ele>
      </trkpt>
      <trkpt lat="42.57169" lon="140.9786">
        <ele>184.0</ele>
      </trkpt>
      <trkpt lat="42.57101" lon="140.9788">
        <ele>188.9</ele>
      </trkpt>
      <trkpt lat="42.57078" lon="140.97889">
        <ele>190.3</ele>
      </trkpt>
      <trkpt lat="42.57055" lon="140.97901">
        <ele>192.5</ele>
      </trkpt>
      <trkpt lat="42.57005" lon="140.97939">
        <ele>194.3</ele>
      </trkpt>
      <trkpt lat="42.56955" lon="140.97976">
        <ele>189.0</ele>
      </trkpt>
      <trkpt lat="42.56929" lon="140.97985">
        <ele>189.0</ele>
      </trkpt>
      <trkpt lat="42.56901" lon="140.97985">
        <ele>190.7</ele>
      </trkpt>
      <trkpt lat="42.56845" lon="140.97977">
        <ele>194.6</ele>
      </trkpt>
      <trkpt lat="42.56806" lon="140.97977">
        <ele>197.8</ele>
      </trkpt>
      <trkpt lat="42.56761" lon="140.97993">
        <ele>196.6</ele>
      </trkpt>
      <trkpt lat="42.56732" lon="140.9801">
        <ele>197.7</ele>
      </trkpt>
      <trkpt lat="42.56673" lon="140.98059">
        <ele>197.6</ele>
      </trkpt>
      <trkpt lat="42.56614" lon="140.98109">
        <ele>200.5</ele>
      </trkpt>
      <trkpt lat="42.56565" lon="140.98143">
        <ele>200.9</ele>
      </trkpt>
      <trkpt lat="42.56535" lon="140.98158">
        <ele>200.8</ele>
      </trkpt>
      <trkpt lat="42.56488" lon="140.98176">
        <ele>202.2</ele>
      </trkpt>
      <trkpt lat="42.56441" lon="140.98194">
        <ele>204.4</ele>
      </trkpt>
      <trkpt lat="42.5636" lon="140.98234">
        <ele>207.4</ele>
      </trkpt>
      <trkpt lat="42.5628" lon="140.98274">
        <ele>208.1</ele>
      </trkpt>
      <trkpt lat="42.56199" lon="140.98314">
        <ele>209.4</ele>
      </trkpt>
      <trkpt lat="42.56118" lon="140.98353">
        <ele>209.3</ele>
      </trkpt>
      <trkpt lat="42.56061" lon="140.98393">
        <ele>210.2</ele>
      </trkpt>
      <trkpt lat="42.56014" lon="140.98445">
        <ele>213.4</ele>
      </trkpt>
      <trkpt lat="42.55963" lon="140.98507">
        <ele>215.7</ele>
      </trkpt>
      <trkpt lat="42.55908" lon="140.98539">
        <ele>217.0</ele>
      </trkpt>
      <trkpt lat="42.559" lon="140.98547">
        <ele>216.5</ele>
      </trkpt>
      <trkpt lat="42.55894" lon="140.98562">
        <ele>215.6</ele>
      </trkpt>
      <trkpt lat="42.5589" lon="140.98576">
        <ele>214.5</ele>
      </trkpt>
      <trkpt lat="42.55884" lon="140.98603">
        <ele>215.3</ele>
      </trkpt>
      <trkpt lat="42.55877" lon="140.98636">
        <ele>217.3</ele>
      </trkpt>
      <trkpt lat="42.55872" lon="140.98653">
        <ele>218.3</ele>
      </trkpt>
      <trkpt lat="42.55856" lon="140.98682">
        <ele>220.9</ele>
      </trkpt>
      <trkpt lat="42.55823" lon="140.98718">
        <ele>224.5</ele>
      </trkpt>
      <trkpt lat="42.55813" lon="140.98741">
        <ele>227.6</ele>
      </trkpt>
      <trkpt lat="42.55794" lon="140.98824">
        <ele>231.7</ele>
      </trkpt>
      <trkpt lat="42.55784" lon="140.98837">
        <ele>232.9</ele>
      </trkpt>
      <trkpt lat="42.55765" lon="140.98848">
        <ele>234.7</ele>
      </trkpt>
      <trkpt lat="42.55744" lon="140.98849">
        <ele>238.1</ele>
      </trkpt>
      <trkpt lat="42.55733" lon="140.98838">
        <ele>242.3</ele>
      </trkpt>
      <trkpt lat="42.55729" lon="140.98822">
        <ele>244.0</ele>
      </trkpt>
      <trkpt lat="42.55744" lon="140.98759">
        <ele>239.4</ele>
      </trkpt>
      <trkpt lat="42.55744" lon="140.98741">
        <ele>238.2</ele>
      </trkpt>
      <trkpt lat="42.5574" lon="140.98729">
        <ele>237.7</ele>
      </trkpt>
      <trkpt lat="42.55731" lon="140.9872">
        <ele>238.1</ele>
      </trkpt>
      <trkpt lat="42.55717" lon="140.98715">
        <ele>239.9</ele>
      </trkpt>
      <trkpt lat="42.557" lon="140.98714">
        <ele>243.0</ele>
      </trkpt>
      <trkpt lat="42.55634" lon="140.98715">
        <ele>249.6</ele>
      </trkpt>
      <trkpt lat="42.55611" lon="140.9872">
        <ele>251.0</ele>
      </trkpt>
      <trkpt lat="42.5555" lon="140.98754">
        <ele>258.7</ele>
      </trkpt>
      <trkpt lat="42.55498" lon="140.98759">
        <ele>259.4</ele>
      </trkpt>
      <trkpt lat="42.55447" lon="140.98764">
        <ele>262.1</ele>
      </trkpt>
      <trkpt lat="42.55396" lon="140.98777">
        <ele>268.0</ele>
      </trkpt>
      <trkpt lat="42.55311" lon="140.98812">
        <ele>283.1</ele>
      </trkpt>
      <trkpt lat="42.55286" lon="140.98824">
        <ele>286.5</ele>
      </trkpt>
      <trkpt lat="42.55265" lon="140.98841">
        <ele>290.3</ele>
      </trkpt>
      <trkpt lat="42.55253" lon="140.98862">
        <ele>294.2</ele>
      </trkpt>
      <trkpt lat="42.55245" lon="140.98883">
        <ele>298.1</ele>
      </trkpt>
      <trkpt lat="42.55232" lon="140.98953">
        <ele>306.6</ele>
      </trkpt>
      <trkpt lat="42.55214" lon="140.99062">
        <ele>305.8</ele>
      </trkpt>
      <trkpt lat="42.55196" lon="140.9917">
        <ele>300.4</ele>
      </trkpt>
      <trkpt lat="42.55179" lon="140.99278">
        <ele>301.6</ele>
      </trkpt>
      <trkpt lat="42.55178" lon="140.99294">
        <ele>302.6</ele>
      </trkpt>
      <trkpt lat="42.5518" lon="140.9931">
        <ele>303.7</ele>
      </trkpt>
      <trkpt lat="42.55186" lon="140.99328">
        <ele>304.9</ele>
      </trkpt>
      <trkpt lat="42.5522" lon="140.99368">
        <ele>309.4</ele>
      </trkpt>
      <trkpt lat="42.55232" lon="140.99386">
        <ele>311.2</ele>
      </trkpt>
      <trkpt lat="42.55239" lon="140.99405">
        <ele>313.1</ele>
      </trkpt>
      <trkpt lat="42.55237" lon="140.99425">
        <ele>314.3</ele>
      </trkpt>
      <trkpt lat="42.55232" lon="140.99438">
        <ele>314.4</ele>
      </trkpt>
      <trkpt lat="42.55224" lon="140.99454">
        <ele>315.0</ele>
      </trkpt>
      <trkpt lat="42.55212" lon="140.99464">
        <ele>316.1</ele>
      </trkpt>
      <trkpt lat="42.55187" lon="140.99472">
        <ele>318.7</ele>
      </trkpt>
      <trkpt lat="42.55127" lon="140.99479">
        <ele>320.7</ele>
      </trkpt>
      <trkpt lat="42.55104" lon="140.99487">
        <ele>321.5</ele>
      </trkpt>
      <trkpt lat="42.55082" lon="140.9951">
        <ele>324.3</ele>
      </trkpt>
      <trkpt lat="42.55071" lon="140.99533">
        <ele>327.6</ele>
      </trkpt>
      <trkpt lat="42.55049" lon="140.99644">
        <ele>342.0</ele>
      </trkpt>
      <trkpt lat="42.55038" lon="140.99682">
        <ele>346.5</ele>
      </trkpt>
      <trkpt lat="42.55005" lon="140.99734">
        <ele>350.9</ele>
      </trkpt>
      <trkpt lat="42.54968" lon="140.99773">
        <ele>351.4</ele>
      </trkpt>
      <trkpt lat="42.54939" lon="140.99791">
        <ele>351.1</ele>
      </trkpt>
      <trkpt lat="42.54893" lon="140.998">
        <ele>352.6</ele>
      </trkpt>
      <trkpt lat="42.54829" lon="140.99809">
        <ele>358.5</ele>
      </trkpt>
      <trkpt lat="42.54766" lon="140.99818">
        <ele>363.8</ele>
      </trkpt>
      <trkpt lat="42.54745" lon="140.99824">
        <ele>365.3</ele>
      </trkpt>
      <trkpt lat="42.54729" lon="140.99835">
        <ele>365.1</ele>
      </trkpt>
      <trkpt lat="42.54722" lon="140.99845">
        <ele>365.3</ele>
      </trkpt>
      <trkpt lat="42.54716" lon="140.99863">
        <ele>366.3</ele>
      </trkpt>
      <trkpt lat="42.54713" lon="140.99887">
        <ele>367.8</ele>
      </trkpt>
      <trkpt lat="42.54707" lon="140.99967">
        <ele>373.8</ele>
      </trkpt>
      <trkpt lat="42.54701" lon="141.00047">
        <ele>379.4</ele>
      </trkpt>
      <trkpt lat="42.54691" lon="141.00143">
        <ele>386.0</ele>
      </trkpt>
      <trkpt lat="42.54685" lon="141.00173">
        <ele>388.3</ele>
      </trkpt>
      <trkpt lat="42.54675" lon="141.00187">
        <ele>389.7</ele>
      </trkpt>
      <trkpt lat="42.54654" lon="141.00196">
        <ele>391.4</ele>
      </trkpt>
      <trkpt lat="42.54592" lon="141.00203">
        <ele>395.7</ele>
      </trkpt>
      <trkpt lat="42.5457" lon="141.00211">
        <ele>397.5</ele>
      </trkpt>
      <trkpt lat="42.54552" lon="141.00223">
        <ele>399.2</ele>
      </trkpt>
      <trkpt lat="42.54538" lon="141.00239">
        <ele>401.1</ele>
      </trkpt>
      <trkpt lat="42.54528" lon="141.00256">
        <ele>402.3</ele>
      </trkpt>
      <trkpt lat="42.54517" lon="141.00291">
        <ele>403.8</ele>
      </trkpt>
      <trkpt lat="42.54512" lon="141.00328">
        <ele>405.4</ele>
      </trkpt>
      <trkpt lat="42.54507" lon="141.0042">
        <ele>413.8</ele>
      </trkpt>
      <trkpt lat="42.54502" lon="141.00512">
        <ele>421.6</ele>
      </trkpt>
      <trkpt lat="42.54498" lon="141.00604">
        <ele>424.4</ele>
      </trkpt>
      <trkpt lat="42.54504" lon="141.00667">
        <ele>427.6</ele>
      </trkpt>
      <trkpt lat="42.5453" lon="141.00757">
        <ele>434.2</ele>
      </trkpt>
      <trkpt lat="42.54556" lon="141.00848">
        <ele>439.7</ele>
      </trkpt>
      <trkpt lat="42.54582" lon="141.00938">
        <ele>442.1</ele>
      </trkpt>
      <trkpt lat="42.54608" lon="141.01028">
        <ele>443.8</ele>
      </trkpt>
      <trkpt lat="42.54634" lon="141.01111">
        <ele>445.7</ele>
      </trkpt>
      <trkpt lat="42.5466" lon="141.01194">
        <ele>448.0</ele>
      </trkpt>
      <trkpt lat="42.54686" lon="141.01277">
        <ele>454.1</ele>
      </trkpt>
      <trkpt lat="42.54716" lon="141.01379">
        <ele>460.0</ele>
      </trkpt>
      <trkpt lat="42.54718" lon="141.01408">
        <ele>460.7</ele>
      </trkpt>
      <trkpt lat="42.54715" lon="141.01439">
        <ele>461.4</ele>
      </trkpt>
      <trkpt lat="42.54689" lon="141.01526">
        <ele>466.5</ele>
      </trkpt>
      <trkpt lat="42.54664" lon="141.01614">
        <ele>471.7</ele>
      </trkpt>
      <trkpt lat="42.54651" lon="141.01641">
        <ele>473.3</ele>
      </trkpt>
      <trkpt lat="42.54638" lon="141.01659">
        <ele>475.0</ele>
      </trkpt>
      <trkpt lat="42.54616" lon="141.01677">
        <ele>478.2</ele>
      </trkpt>
      <trkpt lat="42.54597" lon="141.01684">
        <ele>480.6</ele>
      </trkpt>
      <trkpt lat="42.54571" lon="141.01684">
        <ele>483.2</ele>
      </trkpt>
      <trkpt lat="42.54527" lon="141.01669">
        <ele>485.9</ele>
      </trkpt>
      <trkpt lat="42.54483" lon="141.01654">
        <ele>489.1</ele>
      </trkpt>
      <trkpt lat="42.54431" lon="141.01641">
        <ele>493.2</ele>
      </trkpt>
      <trkpt lat="42.54358" lon="141.01641">
        <ele>495.5</ele>
      </trkpt>
      <trkpt lat="42.54285" lon="141.01641">
        <ele>500.4</ele>
      </trkpt>
      <trkpt lat="42.54212" lon="141.01641">
        <ele>509.0</ele>
      </trkpt>
      <trkpt lat="42.54139" lon="141.01641">
        <ele>518.7</ele>
      </trkpt>
      <trkpt lat="42.54107" lon="141.01634">
        <ele>520.7</ele>
      </trkpt>
      <trkpt lat="42.54078" lon="141.01621">
        <ele>521.6</ele>
      </trkpt>
      <trkpt lat="42.54018" lon="141.01581">
        <ele>523.2</ele>
      </trkpt>
      <trkpt lat="42.53957" lon="141.01541">
        <ele>527.2</ele>
      </trkpt>
      <trkpt lat="42.53896" lon="141.01501">
        <ele>530.3</ele>
      </trkpt>
      <trkpt lat="42.53867" lon="141.0147">
        <ele>534.4</ele>
      </trkpt>
      <trkpt lat="42.53835" lon="141.0141">
        <ele>535.9</ele>
      </trkpt>
      <trkpt lat="42.53808" lon="141.01352">
        <ele>533.4</ele>
      </trkpt>
      <trkpt lat="42.53781" lon="141.01294">
        <ele>529.2</ele>
      </trkpt>
      <trkpt lat="42.53745" lon="141.01217">
        <ele>521.4</ele>
      </trkpt>
      <trkpt lat="42.53725" lon="141.01195">
        <ele>522.1</ele>
      </trkpt>
      <trkpt lat="42.53704" lon="141.01187">
        <ele>526.2</ele>
      </trkpt>
      <trkpt lat="42.53683" lon="141.0119">
        <ele>531.9</ele>
      </trkpt>
      <trkpt lat="42.53667" lon="141.01199">
        <ele>537.3</ele>
      </trkpt>
      <trkpt lat="42.53651" lon="141.01216">
        <ele>537.2</ele>
      </trkpt>
      <trkpt lat="42.5364" lon="141.01245">
        <ele>536.1</ele>
      </trkpt>
      <trkpt lat="42.5364" lon="141.01272">
        <ele>535.7</ele>
      </trkpt>
      <trkpt lat="42.53645" lon="141.01296">
        <ele>537.1</ele>
      </trkpt>
      <trkpt lat="42.53652" lon="141.01316">
        <ele>540.3</ele>
      </trkpt>
      <trkpt lat="42.53691" lon="141.01406">
        <ele>548.1</ele>
      </trkpt>
      <trkpt lat="42.53703" lon="141.01451">
        <ele>552.2</ele>
      </trkpt>
      <trkpt lat="42.53705" lon="141.01502">
        <ele>554.3</ele>
      </trkpt>
      <trkpt lat="42.5369" lon="141.01585">
        <ele>557.2</ele>
      </trkpt>
      <trkpt lat="42.53676" lon="141.01667">
        <ele>561.5</ele>
      </trkpt>
      <trkpt lat="42.53662" lon="141.01749">
        <ele>569.0</ele>
      </trkpt>
      <trkpt lat="42.53648" lon="141.01785">
        <ele>571.7</ele>
      </trkpt>
      <trkpt lat="42.53614" lon="141.01838">
        <ele>574.5</ele>
      </trkpt>
      <trkpt lat="42.53569" lon="141.01882">
        <ele>574.3</ele>
      </trkpt>
      <trkpt lat="42.53525" lon="141.01926">
        <ele>569.0</ele>
      </trkpt>
      <trkpt lat="42.53514" lon="141.0194">
        <ele>567.6</ele>
      </trkpt>
      <trkpt lat="42.53505" lon="141.01965">
        <ele>568.0</ele>
      </trkpt>
      <trkpt lat="42.53503" lon="141.01998">
        <ele>571.5</ele>
      </trkpt>
      <trkpt lat="42.5351" lon="141.0203">
        <ele>574.4</ele>
      </trkpt>
      <trkpt lat="42.5352" lon="141.0205">
        <ele>577.7</ele>
      </trkpt>
      <trkpt lat="42.53533" lon="141.02062">
        <ele>581.8</ele>
      </trkpt>
      <trkpt lat="42.5355" lon="141.02071">
        <ele>586.8</ele>
      </trkpt>
      <trkpt lat="42.53573" lon="141.02066">
        <ele>592.9</ele>
      </trkpt>
      <trkpt lat="42.53598" lon="141.02051">
        <ele>598.1</ele>
      </trkpt>
      <trkpt lat="42.53653" lon="141.01996">
        <ele>602.5</ele>
      </trkpt>
      <trkpt lat="42.53708" lon="141.01942">
        <ele>605.1</ele>
      </trkpt>
      <trkpt lat="42.53749" lon="141.01914">
        <ele>606.4</ele>
      </trkpt>
      <trkpt lat="42.53799" lon="141.01888">
        <ele>608.9</ele>
      </trkpt>
      <trkpt lat="42.53852" lon="141.01876">
        <ele>612.8</ele>
      </trkpt>
      <trkpt lat="42.5389" lon="141.01874">
        <ele>615.5</ele>
      </trkpt>
      <trkpt lat="42.5393" lon="141.01876">
        <ele>618.9</ele>
      </trkpt>
      <trkpt lat="42.5396" lon="141.01882">
        <ele>621.4</ele>
      </trkpt>
      <trkpt lat="42.54007" lon="141.01894">
        <ele>625.1</ele>
      </trkpt>
      <trkpt lat="42.54078" lon="141.0193">
        <ele>631.1</ele>
      </trkpt>
      <trkpt lat="42.54149" lon="141.01967">
        <ele>631.9</ele>
      </trkpt>
      <trkpt lat="42.54209" lon="141.02">
        <ele>635.4</ele>
      </trkpt>
      <trkpt lat="42.54235" lon="141.02019">
        <ele>635.9</ele>
      </trkpt>
      <trkpt lat="42.54254" lon="141.02051">
        <ele>639.9</ele>
      </trkpt>
      <trkpt lat="42.54264" lon="141.02092">
        <ele>645.3</ele>
      </trkpt>
      <trkpt lat="42.54263" lon="141.02132">
        <ele>650.2</ele>
      </trkpt>
      <trkpt lat="42.54255" lon="141.02164">
        <ele>656.3</ele>
      </trkpt>
      <trkpt lat="42.54239" lon="141.02191">
        <ele>660.3</ele>
      </trkpt>
      <trkpt lat="42.54215" lon="141.02215">
        <ele>662.1</ele>
      </trkpt>
      <trkpt lat="42.54139" lon="141.02254">
        <ele>663.1</ele>
      </trkpt>
      <trkpt lat="42.54064" lon="141.02294">
        <ele>666.2</ele>
      </trkpt>
      <trkpt lat="42.53988" lon="141.02334">
        <ele>668.8</ele>
      </trkpt>
      <trkpt lat="42.53936" lon="141.02363">
        <ele>670.0</ele>
      </trkpt>
      <trkpt lat="42.53884" lon="141.02392">
        <ele>671.5</ele>
      </trkpt>
      <trkpt lat="42.53848" lon="141.02425">
        <ele>673.9</ele>
      </trkpt>
      <trkpt lat="42.5379" lon="141.02482">
        <ele>677.1</ele>
      </trkpt>
      <trkpt lat="42.53733" lon="141.0254">
        <ele>679.1</ele>
      </trkpt>
      <trkpt lat="42.53712" lon="141.02571">
        <ele>679.3</ele>
      </trkpt>
      <trkpt lat="42.53706" lon="141.02606">
        <ele>681.6</ele>
      </trkpt>
      <trkpt lat="42.53715" lon="141.02651">
        <ele>686.3</ele>
      </trkpt>
      <trkpt lat="42.53729" lon="141.02684">
        <ele>690.4</ele>
      </trkpt>
      <trkpt lat="42.53748" lon="141.02707">
        <ele>693.7</ele>
      </trkpt>
      <trkpt lat="42.53767" lon="141.0272">
        <ele>695.6</ele>
      </trkpt>
      <trkpt lat="42.53834" lon="141.02758">
        <ele>702.7</ele>
      </trkpt>
      <trkpt lat="42.53899" lon="141.02799">
        <ele>708.6</ele>
      </trkpt>
      <trkpt lat="42.5395" lon="141.02851">
        <ele>714.0</ele>
      </trkpt>
      <trkpt lat="42.53972" lon="141.02888">
        <ele>716.5</ele>
      </trkpt>
      <trkpt lat="42.5398" lon="141.02922">
        <ele>718.9</ele>
      </trkpt>
      <trkpt lat="42.53973" lon="141.03038">
        <ele>726.8</ele>
      </trkpt>
      <trkpt lat="42.53963" lon="141.03144">
        <ele>733.0</ele>
      </trkpt>
      <trkpt lat="42.53954" lon="141.0319">
        <ele>736.0</ele>
      </trkpt>
      <trkpt lat="42.53936" lon="141.03221">
        <ele>738.6</ele>
      </trkpt>
      <trkpt lat="42.53891" lon="141.03273">
        <ele>743.3</ele>
      </trkpt>
      <trkpt lat="42.53846" lon="141.03326">
        <ele>748.2</ele>
      </trkpt>
      <trkpt lat="42.53832" lon="141.03355">
        <ele>750.0</ele>
      </trkpt>
      <trkpt lat="42.53829" lon="141.03391">
        <ele>751.7</ele>
      </trkpt>
      <trkpt lat="42.53832" lon="141.03482">
        <ele>756.2</ele>
      </trkpt>
      <trkpt lat="42.53834" lon="141.03573">
        <ele>762.3</ele>
      </trkpt>
      <trkpt lat="42.53843" lon="141.03613">
        <ele>767.3</ele>
      </trkpt>
      <trkpt lat="42.53864" lon="141.03632">
        <ele>770.4</ele>
      </trkpt>
      <trkpt lat="42.53916" lon="141.03649">
        <ele>773.5</ele>
      </trkpt>
      <trkpt lat="42.53968" lon="141.03666">
        <ele>776.6</ele>
      </trkpt>
      <trkpt lat="42.54004" lon="141.03684">
        <ele>780.2</ele>
      </trkpt>
      <trkpt lat="42.54074" lon="141.03731">
        <ele>789.5</ele>
      </trkpt>
      <trkpt lat="42.54145" lon="141.03778">
        <ele>796.4</ele>
      </trkpt>
      <trkpt lat="42.54185" lon="141.03799">
        <ele>799.2</ele>
      </trkpt>
      <trkpt lat="42.54229" lon="141.03816">
        <ele>802.1</ele>
      </trkpt>
      <trkpt lat="42.54254" lon="141.03831">
        <ele>804.5</ele>
      </trkpt>
      <trkpt lat="42.54274" lon="141.03852">
        <ele>807.0</ele>
      </trkpt>
      <trkpt lat="42.54323" lon="141.03918">
        <ele>812.7</ele>
      </trkpt>
      <trkpt lat="42.54373" lon="141.03985">
        <ele>818.3</ele>
      </trkpt>
      <trkpt lat="42.54407" lon="141.04011">
        <ele>819.9</ele>
      </trkpt>
      <trkpt lat="42.54441" lon="141.04032">
        <ele>823.7</ele>
      </trkpt>
      <trkpt lat="42.54462" lon="141.04037">
        <ele>825.5</ele>
      </trkpt>
      <trkpt lat="42.54491" lon="141.04027">
        <ele>826.1</ele>
      </trkpt>
      <trkpt lat="42.54555" lon="141.0398">
        <ele>825.8</ele>
      </trkpt>
      <trkpt lat="42.54569" lon="141.03974">
        <ele>826.5</ele>
      </trkpt>
      <trkpt lat="42.54588" lon="141.03972">
        <ele>827.7</ele>
      </trkpt>
      <trkpt lat="42.54609" lon="141.03985">
        <ele>829.3</ele>
      </trkpt>
      <trkpt lat="42.54658" lon="141.04032">
        <ele>836.4</ele>
      </trkpt>
      <trkpt lat="42.54708" lon="141.0408">
        <ele>838.5</ele>
      </trkpt>
      <trkpt lat="42.54726" lon="141.04105">
        <ele>839.1</ele>
      </trkpt>
      <trkpt lat="42.54749" lon="141.04167">
        <ele>843.2</ele>
      </trkpt>
      <trkpt lat="42.54755" lon="141.04195">
        <ele>843.9</ele>
      </trkpt>
      <trkpt lat="42.54758" lon="141.04228">
        <ele>846.1</ele>
      </trkpt>
      <trkpt lat="42.54757" lon="141.04336">
        <ele>857.1</ele>
      </trkpt>
      <trkpt lat="42.54759" lon="141.04435">
        <ele>865.4</ele>
      </trkpt>
      <trkpt lat="42.54761" lon="141.04534">
        <ele>868.1</ele>
      </trkpt>
      <trkpt lat="42.54763" lon="141.04633">
        <ele>873.9</ele>
      </trkpt>
      <trkpt lat="42.54766" lon="141.04671">
        <ele>877.3</ele>
      </trkpt>
      <trkpt lat="42.54772" lon="141.0469">
        <ele>877.3</ele>
      </trkpt>
      <trkpt lat="42.5478" lon="141.04707">
        <ele>876.6</ele>
      </trkpt>
      <trkpt lat="42.54802" lon="141.04738">
        <ele>872.7</ele>
      </trkpt>
      <trkpt lat="42.54807" lon="141.04754">
        <ele>873.2</ele>
      </trkpt>
      <trkpt lat="42.54812" lon="141.0479">
        <ele>875.7</ele>
      </trkpt>
      <trkpt lat="42.54815" lon="141.04838">
        <ele>879.8</ele>
      </trkpt>
      <trkpt lat="42.5482" lon="141.04864">
        <ele>881.9</ele>
      </trkpt>
      <trkpt lat="42.54834" lon="141.04885">
        <ele>878.8</ele>
      </trkpt>
      <trkpt lat="42.54903" lon="141.0495">
        <ele>879.7</ele>
      </trkpt>
      <trkpt lat="42.54921" lon="141.04951">
        <ele>879.0</ele>
      </trkpt>
      <trkpt lat="42.54945" lon="141.04935">
        <ele>879.0</ele>
      </trkpt>
      <trkpt lat="42.54968" lon="141.04924">
        <ele>879.4</ele>
      </trkpt>
      <trkpt lat="42.54997" lon="141.04924">
        <ele>881.6</ele>
      </trkpt>
      <trkpt lat="42.55014" lon="141.04929">
        <ele>882.7</ele>
      </trkpt>
      <trkpt lat="42.55032" lon="141.04939">
        <ele>884.1</ele>
      </trkpt>
      <trkpt lat="42.5505" lon="141.04955">
        <ele>885.5</ele>
      </trkpt>
      <trkpt lat="42.5507" lon="141.04987">
        <ele>887.6</ele>
      </trkpt>
      <trkpt lat="42.55118" lon="141.0508">
        <ele>884.5</ele>
      </trkpt>
      <trkpt lat="42.55167" lon="141.05173">
        <ele>881.0</ele>
      </trkpt>
      <trkpt lat="42.55216" lon="141.05266">
        <ele>874.5</ele>
      </trkpt>
      <trkpt lat="42.55227" lon="141.05294">
        <ele>873.8</ele>
      </trkpt>
      <trkpt lat="42.55239" lon="141.05333">
        <ele>873.2</ele>
      </trkpt>
      <trkpt lat="42.55244" lon="141.05363">
        <ele>871.3</ele>
      </trkpt>
      <trkpt lat="42.55242" lon="141.05393">
        <ele>870.7</ele>
      </trkpt>
      <trkpt lat="42.5523" lon="141.05461">
        <ele>870.5</ele>
      </trkpt>
      <trkpt lat="42.55214" lon="141.05538">
        <ele>872.4</ele>
      </trkpt>
      <trkpt lat="42.55215" lon="141.05588">
        <ele>871.5</ele>
      </trkpt>
      <trkpt lat="42.5523" lon="141.05634">
        <ele>869.3</ele>
      </trkpt>
      <trkpt lat="42.55253" lon="141.05667">
        <ele>867.8</ele>
      </trkpt>
      <trkpt lat="42.55283" lon="141.05684">
        <ele>866.2</ele>
      </trkpt>
      <trkpt lat="42.55316" lon="141.05681">
        <ele>863.7</ele>
      </trkpt>
      <trkpt lat="42.55347" lon="141.05672">
        <ele>861.6</ele>
      </trkpt>
      <trkpt lat="42.55361" lon="141.05665">
        <ele>860.6</ele>
      </trkpt>
      <trkpt lat="42.55384" lon="141.05653">
        <ele>858.6</ele>
      </trkpt>
      <trkpt lat="42.55421" lon="141.05635">
        <ele>855.8</ele>
      </trkpt>
      <trkpt lat="42.55456" lon="141.0562">
        <ele>855.2</ele>
      </trkpt>
      <trkpt lat="42.55496" lon="141.05612">
        <ele>855.1</ele>
      </trkpt>
      <trkpt lat="42.55551" lon="141.05616">
        <ele>853.7</ele>
      </trkpt>
      <trkpt lat="42.55586" lon="141.05639">
        <ele>853.0</ele>
      </trkpt>
      <trkpt lat="42.55617" lon="141.05666">
        <ele>846.2</ele>
      </trkpt>
      <trkpt lat="42.55632" lon="141.05683">
        <ele>843.6</ele>
      </trkpt>
      <trkpt lat="42.5566" lon="141.0573">
        <ele>839.4</ele>
      </trkpt>
      <trkpt lat="42.55678" lon="141.05796">
        <ele>838.8</ele>
      </trkpt>
      <trkpt lat="42.55683" lon="141.05823">
        <ele>839.3</ele>
      </trkpt>
      <trkpt lat="42.55686" lon="141.05869">
        <ele>839.0</ele>
      </trkpt>
      <trkpt lat="42.55669" lon="141.05987">
        <ele>838.4</ele>
      </trkpt>
      <trkpt lat="42.55652" lon="141.06106">
        <ele>830.7</ele>
      </trkpt>
      <trkpt lat="42.55651" lon="141.0619">
        <ele>827.2</ele>
      </trkpt>
      <trkpt lat="42.55654" lon="141.06311">
        <ele>822.0</ele>
      </trkpt>
      <trkpt lat="42.55658" lon="141.06433">
        <ele>815.5</ele>
      </trkpt>
      <trkpt lat="42.55654" lon="141.06534">
        <ele>808.7</ele>
      </trkpt>
      <trkpt lat="42.55644" lon="141.06634">
        <ele>802.0</ele>
      </trkpt>
      <trkpt lat="42.55627" lon="141.06729">
        <ele>802.6</ele>
      </trkpt>
      <trkpt lat="42.55606" lon="141.06821">
        <ele>801.7</ele>
      </trkpt>
      <trkpt lat="42.55576" lon="141.06921">
        <ele>801.3</ele>
      </trkpt>
      <trkpt lat="42.55545" lon="141.07022">
        <ele>797.9</ele>
      </trkpt>
      <trkpt lat="42.55521" lon="141.07087">
        <ele>802.0</ele>
      </trkpt>
      <trkpt lat="42.55498" lon="141.07151">
        <ele>813.6</ele>
      </trkpt>
      <trkpt lat="42.5546" lon="141.07261">
        <ele>845.3</ele>
      </trkpt>
      <trkpt lat="42.55423" lon="141.07371">
        <ele>870.4</ele>
      </trkpt>
      <trkpt lat="42.55385" lon="141.0748">
        <ele>897.2</ele>
      </trkpt>
      <trkpt lat="42.55348" lon="141.0759">
        <ele>918.5</ele>
      </trkpt>
      <trkpt lat="42.55311" lon="141.07699">
        <ele>932.9</ele>
      </trkpt>
      <trkpt lat="42.55273" lon="141.07809">
        <ele>923.6</ele>
      </trkpt>
      <trkpt lat="42.55236" lon="141.07919">
        <ele>906.4</ele>
      </trkpt>
      <trkpt lat="42.55198" lon="141.08028">
        <ele>872.6</ele>
      </trkpt>
      <trkpt lat="42.55161" lon="141.08138">
        <ele>822.8</ele>
      </trkpt>
      <trkpt lat="42.5513" lon="141.08218">
        <ele>796.7</ele>
      </trkpt>
      <trkpt lat="42.55099" lon="141.08299">
        <ele>787.0</ele>
      </trkpt>
      <trkpt lat="42.55068" lon="141.08379">
        <ele>786.9</ele>
      </trkpt>
      <trkpt lat="42.55052" lon="141.08422">
        <ele>789.8</ele>
      </trkpt>
      <trkpt lat="42.55043" lon="141.08437">
        <ele>788.3</ele>
      </trkpt>
      <trkpt lat="42.55033" lon="141.0845">
        <ele>785.6</ele>
      </trkpt>
      <trkpt lat="42.55016" lon="141.0846">
        <ele>778.1</ele>
      </trkpt>
      <trkpt lat="42.5498" lon="141.08469">
        <ele>763.6</ele>
      </trkpt>
      <trkpt lat="42.5495" lon="141.08488">
        <ele>757.3</ele>
      </trkpt>
      <trkpt lat="42.54942" lon="141.085">
        <ele>757.7</ele>
      </trkpt>
      <trkpt lat="42.54926" lon="141.08534">
        <ele>759.9</ele>
      </trkpt>
      <trkpt lat="42.54913" lon="141.08571">
        <ele>762.3</ele>
      </trkpt>
      <trkpt lat="42.54911" lon="141.08589">
        <ele>763.2</ele>
      </trkpt>
      <trkpt lat="42.54909" lon="141.08615">
        <ele>760.7</ele>
      </trkpt>
      <trkpt lat="42.54912" lon="141.08638">
        <ele>761.4</ele>
      </trkpt>
      <trkpt lat="42.54935" lon="141.08697">
        <ele>772.6</ele>
      </trkpt>
      <trkpt lat="42.54939" lon="141.08715">
        <ele>774.2</ele>
      </trkpt>
      <trkpt lat="42.54938" lon="141.08735">
        <ele>771.2</ele>
      </trkpt>
      <trkpt lat="42.54929" lon="141.08761">
        <ele>763.7</ele>
      </trkpt>
      <trkpt lat="42.54908" lon="141.08808">
        <ele>752.5</ele>
      </trkpt>
      <trkpt lat="42.54906" lon="141.08823">
        <ele>751.8</ele>
      </trkpt>
      <trkpt lat="42.54902" lon="141.08851">
        <ele>749.7</ele>
      </trkpt>
      <trkpt lat="42.54893" lon="141.0896">
        <ele>739.4</ele>
      </trkpt>
      <trkpt lat="42.54895" lon="141.08987">
        <ele>737.1</ele>
      </trkpt>
      <trkpt lat="42.54901" lon="141.09003">
        <ele>736.6</ele>
      </trkpt>
      <trkpt lat="42.54911" lon="141.09015">
        <ele>735.3</ele>
      </trkpt>
      <trkpt lat="42.5492" lon="141.0902">
        <ele>735.7</ele>
      </trkpt>
      <trkpt lat="42.54935" lon="141.09023">
        <ele>738.4</ele>
      </trkpt>
      <trkpt lat="42.54949" lon="141.09022">
        <ele>742.3</ele>
      </trkpt>
      <trkpt lat="42.5497" lon="141.09021">
        <ele>747.8</ele>
      </trkpt>
      <trkpt lat="42.54988" lon="141.09026">
        <ele>750.7</ele>
      </trkpt>
      <trkpt lat="42.55" lon="141.09039">
        <ele>749.5</ele>
      </trkpt>
      <trkpt lat="42.55009" lon="141.09052">
        <ele>749.8</ele>
      </trkpt>
      <trkpt lat="42.55016" lon="141.0907">
        <ele>748.4</ele>
      </trkpt>
      <trkpt lat="42.55019" lon="141.09088">
        <ele>745.9</ele>
      </trkpt>
      <trkpt lat="42.55018" lon="141.09118">
        <ele>745.0</ele>
      </trkpt>
      <trkpt lat="42.55003" lon="141.09156">
        <ele>735.7</ele>
      </trkpt>
      <trkpt lat="42.54973" lon="141.09222">
        <ele>721.3</ele>
      </trkpt>
      <trkpt lat="42.54967" lon="141.09239">
        <ele>718.7</ele>
      </trkpt>
      <trkpt lat="42.54961" lon="141.09263">
        <ele>714.8</ele>
      </trkpt>
      <trkpt lat="42.54962" lon="141.09284">
        <ele>712.8</ele>
      </trkpt>
      <trkpt lat="42.54968" lon="141.09298">
        <ele>713.2</ele>
      </trkpt>
      <trkpt lat="42.54978" lon="141.09314">
        <ele>713.9</ele>
      </trkpt>
      <trkpt lat="42.54992" lon="141.09326">
        <ele>715.1</ele>
      </trkpt>
      <trkpt lat="42.5501" lon="141.09343">
        <ele>716.7</ele>
      </trkpt>
      <trkpt lat="42.55025" lon="141.09365">
        <ele>717.2</ele>
      </trkpt>
      <trkpt lat="42.55033" lon="141.09392">
        <ele>714.5</ele>
      </trkpt>
      <trkpt lat="42.55035" lon="141.09422">
        <ele>710.4</ele>
      </trkpt>
      <trkpt lat="42.55032" lon="141.09453">
        <ele>709.7</ele>
      </trkpt>
      <trkpt lat="42.54998" lon="141.09536">
        <ele>697.3</ele>
      </trkpt>
      <trkpt lat="42.54974" lon="141.09576">
        <ele>691.6</ele>
      </trkpt>
      <trkpt lat="42.54924" lon="141.09633">
        <ele>683.0</ele>
      </trkpt>
      <trkpt lat="42.54882" lon="141.09685">
        <ele>674.8</ele>
      </trkpt>
      <trkpt lat="42.54865" lon="141.09719">
        <ele>671.3</ele>
      </trkpt>
      <trkpt lat="42.5486" lon="141.09755">
        <ele>670.4</ele>
      </trkpt>
      <trkpt lat="42.54861" lon="141.09779">
        <ele>669.9</ele>
      </trkpt>
      <trkpt lat="42.54872" lon="141.09868">
        <ele>668.9</ele>
      </trkpt>
      <trkpt lat="42.5487" lon="141.09915">
        <ele>666.2</ele>
      </trkpt>
      <trkpt lat="42.54855" lon="141.09955">
        <ele>663.6</ele>
      </trkpt>
      <trkpt lat="42.54793" lon="141.10037">
        <ele>651.0</ele>
      </trkpt>
      <trkpt lat="42.54766" lon="141.10078">
        <ele>646.2</ele>
      </trkpt>
      <trkpt lat="42.54737" lon="141.10142">
        <ele>640.9</ele>
      </trkpt>
      <trkpt lat="42.54708" lon="141.10207">
        <ele>637.3</ele>
      </trkpt>
      <trkpt lat="42.54691" lon="141.10229">
        <ele>634.8</ele>
      </trkpt>
      <trkpt lat="42.54633" lon="141.1027">
        <ele>626.2</ele>
      </trkpt>
      <trkpt lat="42.54565" lon="141.1035">
        <ele>620.4</ele>
      </trkpt>
      <trkpt lat="42.54525" lon="141.10383">
        <ele>615.3</ele>
      </trkpt>
      <trkpt lat="42.54484" lon="141.1041">
        <ele>609.9</ele>
      </trkpt>
      <trkpt lat="42.54464" lon="141.10439">
        <ele>605.9</ele>
      </trkpt>
      <trkpt lat="42.54456" lon="141.10479">
        <ele>603.1</ele>
      </trkpt>
      <trkpt lat="42.54464" lon="141.10508">
        <ele>602.2</ele>
      </trkpt>
      <trkpt lat="42.54476" lon="141.1053">
        <ele>600.7</ele>
      </trkpt>
      <trkpt lat="42.54494" lon="141.10547">
        <ele>600.4</ele>
      </trkpt>
      <trkpt lat="42.54519" lon="141.10568">
        <ele>600.0</ele>
      </trkpt>
      <trkpt lat="42.54532" lon="141.10583">
        <ele>599.2</ele>
      </trkpt>
      <trkpt lat="42.54539" lon="141.10603">
        <ele>600.5</ele>
      </trkpt>
      <trkpt lat="42.54537" lon="141.10629">
        <ele>601.2</ele>
      </trkpt>
      <trkpt lat="42.5452" lon="141.10652">
        <ele>599.3</ele>
      </trkpt>
      <trkpt lat="42.54501" lon="141.10657">
        <ele>596.1</ele>
      </trkpt>
      <trkpt lat="42.54434" lon="141.10646">
        <ele>589.9</ele>
      </trkpt>
      <trkpt lat="42.54389" lon="141.10651">
        <ele>585.6</ele>
      </trkpt>
      <trkpt lat="42.54343" lon="141.10655">
        <ele>581.4</ele>
      </trkpt>
      <trkpt lat="42.54292" lon="141.1065">
        <ele>573.7</ele>
      </trkpt>
      <trkpt lat="42.54241" lon="141.10645">
        <ele>565.8</ele>
      </trkpt>
      <trkpt lat="42.54184" lon="141.10651">
        <ele>561.2</ele>
      </trkpt>
      <trkpt lat="42.54128" lon="141.10656">
        <ele>556.3</ele>
      </trkpt>
      <trkpt lat="42.54108" lon="141.10647">
        <ele>553.1</ele>
      </trkpt>
      <trkpt lat="42.54093" lon="141.10615">
        <ele>547.7</ele>
      </trkpt>
      <trkpt lat="42.5408" lon="141.10564">
        <ele>540.3</ele>
      </trkpt>
      <trkpt lat="42.54062" lon="141.10542">
        <ele>535.8</ele>
      </trkpt>
      <trkpt lat="42.54041" lon="141.10537">
        <ele>533.2</ele>
      </trkpt>
      <trkpt lat="42.5402" lon="141.10556">
        <ele>532.9</ele>
      </trkpt>
      <trkpt lat="42.53989" lon="141.1064">
        <ele>533.9</ele>
      </trkpt>
      <trkpt lat="42.53963" lon="141.10673">
        <ele>532.3</ele>
      </trkpt>
      <trkpt lat="42.53935" lon="141.10696">
        <ele>531.7</ele>
      </trkpt>
      <trkpt lat="42.53907" lon="141.10704">
        <ele>529.4</ele>
      </trkpt>
      <trkpt lat="42.53873" lon="141.10699">
        <ele>525.7</ele>
      </trkpt>
      <trkpt lat="42.5384" lon="141.10681">
        <ele>519.4</ele>
      </trkpt>
      <trkpt lat="42.5381" lon="141.1066">
        <ele>512.8</ele>
      </trkpt>
      <trkpt lat="42.53783" lon="141.1065">
        <ele>508.5</ele>
      </trkpt>
      <trkpt lat="42.53761" lon="141.10656">
        <ele>507.3</ele>
      </trkpt>
      <trkpt lat="42.53699" lon="141.10712">
        <ele>499.5</ele>
      </trkpt>
      <trkpt lat="42.53675" lon="141.10744">
        <ele>494.5</ele>
      </trkpt>
      <trkpt lat="42.5367" lon="141.10777">
        <ele>492.7</ele>
      </trkpt>
      <trkpt lat="42.53676" lon="141.10834">
        <ele>495.1</ele>
      </trkpt>
      <trkpt lat="42.5367" lon="141.10871">
        <ele>494.9</ele>
      </trkpt>
      <trkpt lat="42.53652" lon="141.10905">
        <ele>492.8</ele>
      </trkpt>
      <trkpt lat="42.5363" lon="141.10918">
        <ele>489.2</ele>
      </trkpt>
      <trkpt lat="42.53573" lon="141.10931">
        <ele>482.7</ele>
      </trkpt>
      <trkpt lat="42.53539" lon="141.10932">
        <ele>480.3</ele>
      </trkpt>
      <trkpt lat="42.53506" lon="141.10924">
        <ele>475.7</ele>
      </trkpt>
      <trkpt lat="42.53486" lon="141.10924">
        <ele>471.6</ele>
      </trkpt>
      <trkpt lat="42.53455" lon="141.10946">
        <ele>468.0</ele>
      </trkpt>
      <trkpt lat="42.53424" lon="141.10971">
        <ele>463.5</ele>
      </trkpt>
      <trkpt lat="42.534" lon="141.10997">
        <ele>459.8</ele>
      </trkpt>
      <trkpt lat="42.5339" lon="141.11026">
        <ele>458.8</ele>
      </trkpt>
      <trkpt lat="42.53386" lon="141.11089">
        <ele>462.3</ele>
      </trkpt>
      <trkpt lat="42.53379" lon="141.11115">
        <ele>463.0</ele>
      </trkpt>
      <trkpt lat="42.53366" lon="141.11131">
        <ele>460.4</ele>
      </trkpt>
      <trkpt lat="42.53312" lon="141.11159">
        <ele>448.2</ele>
      </trkpt>
      <trkpt lat="42.53284" lon="141.11175">
        <ele>445.0</ele>
      </trkpt>
      <trkpt lat="42.53232" lon="141.11215">
        <ele>441.2</ele>
      </trkpt>
      <trkpt lat="42.5319" lon="141.11233">
        <ele>436.0</ele>
      </trkpt>
      <trkpt lat="42.5314" lon="141.11249">
        <ele>429.7</ele>
      </trkpt>
      <trkpt lat="42.53119" lon="141.11248">
        <ele>427.2</ele>
      </trkpt>
      <trkpt lat="42.53099" lon="141.1123">
        <ele>424.4</ele>
      </trkpt>
      <trkpt lat="42.53045" lon="141.11155">
        <ele>419.2</ele>
      </trkpt>
      <trkpt lat="42.52991" lon="141.11079">
        <ele>414.8</ele>
      </trkpt>
      <trkpt lat="42.52974" lon="141.11057">
        <ele>412.4</ele>
      </trkpt>
      <trkpt lat="42.52957" lon="141.11039">
        <ele>410.6</ele>
      </trkpt>
      <trkpt lat="42.52915" lon="141.11014">
        <ele>407.3</ele>
      </trkpt>
      <trkpt lat="42.52873" lon="141.10989">
        <ele>402.2</ele>
      </trkpt>
      <trkpt lat="42.52846" lon="141.10975">
        <ele>397.6</ele>
      </trkpt>
      <trkpt lat="42.52816" lon="141.10975">
        <ele>396.4</ele>
      </trkpt>
      <trkpt lat="42.52782" lon="141.10986">
        <ele>397.9</ele>
      </trkpt>
      <trkpt lat="42.52718" lon="141.1102">
        <ele>395.9</ele>
      </trkpt>
      <trkpt lat="42.52689" lon="141.11031">
        <ele>392.9</ele>
      </trkpt>
      <trkpt lat="42.52624" lon="141.11033">
        <ele>389.2</ele>
      </trkpt>
      <trkpt lat="42.52603" lon="141.11037">
        <ele>388.1</ele>
      </trkpt>
      <trkpt lat="42.5254" lon="141.11066">
        <ele>382.9</ele>
      </trkpt>
      <trkpt lat="42.52512" lon="141.11072">
        <ele>381.2</ele>
      </trkpt>
      <trkpt lat="42.52449" lon="141.11076">
        <ele>376.8</ele>
      </trkpt>
      <trkpt lat="42.52386" lon="141.11079">
        <ele>372.9</ele>
      </trkpt>
      <trkpt lat="42.52323" lon="141.11083">
        <ele>368.0</ele>
      </trkpt>
      <trkpt lat="42.52291" lon="141.1109">
        <ele>362.2</ele>
      </trkpt>
      <trkpt lat="42.52249" lon="141.11109">
        <ele>357.0</ele>
      </trkpt>
      <trkpt lat="42.52181" lon="141.11158">
        <ele>356.4</ele>
      </trkpt>
      <trkpt lat="42.52161" lon="141.11168">
        <ele>357.1</ele>
      </trkpt>
      <trkpt lat="42.52141" lon="141.11171">
        <ele>357.6</ele>
      </trkpt>
      <trkpt lat="42.52113" lon="141.11165">
        <ele>357.2</ele>
      </trkpt>
      <trkpt lat="42.5209" lon="141.11154">
        <ele>355.5</ele>
      </trkpt>
      <trkpt lat="42.52069" lon="141.11131">
        <ele>352.3</ele>
      </trkpt>
      <trkpt lat="42.52008" lon="141.11057">
        <ele>346.6</ele>
      </trkpt>
      <trkpt lat="42.51978" lon="141.11031">
        <ele>344.3</ele>
      </trkpt>
      <trkpt lat="42.51923" lon="141.10995">
        <ele>344.1</ele>
      </trkpt>
      <trkpt lat="42.51905" lon="141.10978">
        <ele>341.9</ele>
      </trkpt>
      <trkpt lat="42.51871" lon="141.10927">
        <ele>335.2</ele>
      </trkpt>
      <trkpt lat="42.51847" lon="141.10903">
        <ele>333.9</ele>
      </trkpt>
      <trkpt lat="42.51812" lon="141.1088">
        <ele>331.3</ele>
      </trkpt>
      <trkpt lat="42.51793" lon="141.10868">
        <ele>329.0</ele>
      </trkpt>
      <trkpt lat="42.51774" lon="141.10859">
        <ele>327.5</ele>
      </trkpt>
      <trkpt lat="42.51746" lon="141.10849">
        <ele>326.0</ele>
      </trkpt>
      <trkpt lat="42.51688" lon="141.1084">
        <ele>325.7</ele>
      </trkpt>
      <trkpt lat="42.51629" lon="141.10831">
        <ele>331.2</ele>
      </trkpt>
      <trkpt lat="42.51589" lon="141.10829">
        <ele>337.7</ele>
      </trkpt>
      <trkpt lat="42.51551" lon="141.10837">
        <ele>341.2</ele>
      </trkpt>
      <trkpt lat="42.51505" lon="141.10866">
        <ele>345.4</ele>
      </trkpt>
      <trkpt lat="42.51476" lon="141.10911">
        <ele>346.6</ele>
      </trkpt>
      <trkpt lat="42.51452" lon="141.10974">
        <ele>346.4</ele>
      </trkpt>
      <trkpt lat="42.51438" lon="141.11038">
        <ele>347.4</ele>
      </trkpt>
      <trkpt lat="42.51424" lon="141.11103">
        <ele>348.4</ele>
      </trkpt>
      <trkpt lat="42.51423" lon="141.11144">
        <ele>348.3</ele>
      </trkpt>
      <trkpt lat="42.51426" lon="141.11182">
        <ele>348.6</ele>
      </trkpt>
      <trkpt lat="42.51436" lon="141.11245">
        <ele>349.6</ele>
      </trkpt>
      <trkpt lat="42.51437" lon="141.11294">
        <ele>347.0</ele>
      </trkpt>
      <trkpt lat="42.51426" lon="141.1135">
        <ele>342.3</ele>
      </trkpt>
      <trkpt lat="42.51412" lon="141.11388">
        <ele>339.7</ele>
      </trkpt>
      <trkpt lat="42.5139" lon="141.11422">
        <ele>336.9</ele>
      </trkpt>
      <trkpt lat="42.51361" lon="141.11448">
        <ele>333.1</ele>
      </trkpt>
      <trkpt lat="42.5133" lon="141.11464">
        <ele>330.3</ele>
      </trkpt>
      <trkpt lat="42.51295" lon="141.11471">
        <ele>326.7</ele>
      </trkpt>
      <trkpt lat="42.51233" lon="141.11472">
        <ele>321.1</ele>
      </trkpt>
      <trkpt lat="42.51171" lon="141.11473">
        <ele>315.3</ele>
      </trkpt>
      <trkpt lat="42.51109" lon="141.11475">
        <ele>309.8</ele>
      </trkpt>
      <trkpt lat="42.51077" lon="141.11471">
        <ele>308.2</ele>
      </trkpt>
      <trkpt lat="42.51006" lon="141.11447">
        <ele>313.7</ele>
      </trkpt>
      <trkpt lat="42.50934" lon="141.11423">
        <ele>318.9</ele>
      </trkpt>
      <trkpt lat="42.50887" lon="141.11404">
        <ele>321.6</ele>
      </trkpt>
      <trkpt lat="42.5084" lon="141.11384">
        <ele>325.5</ele>
      </trkpt>
      <trkpt lat="42.50821" lon="141.1137">
        <ele>328.4</ele>
      </trkpt>
      <trkpt lat="42.50793" lon="141.11335">
        <ele>333.7</ele>
      </trkpt>
      <trkpt lat="42.50769" lon="141.11286">
        <ele>339.4</ele>
      </trkpt>
      <trkpt lat="42.50758" lon="141.11223">
        <ele>345.1</ele>
      </trkpt>
      <trkpt lat="42.5076" lon="141.11171">
        <ele>348.3</ele>
      </trkpt>
      <trkpt lat="42.50774" lon="141.11088">
        <ele>348.1</ele>
      </trkpt>
      <trkpt lat="42.50778" lon="141.11055">
        <ele>349.4</ele>
      </trkpt>
      <trkpt lat="42.50777" lon="141.1102">
        <ele>352.4</ele>
      </trkpt>
      <trkpt lat="42.50773" lon="141.10989">
        <ele>354.8</ele>
      </trkpt>
      <trkpt lat="42.50755" lon="141.10935">
        <ele>357.6</ele>
      </trkpt>
      <trkpt lat="42.50726" lon="141.10893">
        <ele>358.9</ele>
      </trkpt>
      <trkpt lat="42.507" lon="141.1087">
        <ele>359.9</ele>
      </trkpt>
      <trkpt lat="42.50674" lon="141.10856">
        <ele>361.1</ele>
      </trkpt>
      <trkpt lat="42.50643" lon="141.10848">
        <ele>360.5</ele>
      </trkpt>
      <trkpt lat="42.50606" lon="141.10852">
        <ele>359.5</ele>
      </trkpt>
      <trkpt lat="42.50565" lon="141.10871">
        <ele>357.5</ele>
      </trkpt>
      <trkpt lat="42.5052" lon="141.10902">
        <ele>358.6</ele>
      </trkpt>
      <trkpt lat="42.50476" lon="141.10933">
        <ele>364.2</ele>
      </trkpt>
      <trkpt lat="42.50445" lon="141.10947">
        <ele>367.2</ele>
      </trkpt>
      <trkpt lat="42.50388" lon="141.10958">
        <ele>370.9</ele>
      </trkpt>
      <trkpt lat="42.5033" lon="141.1097">
        <ele>375.1</ele>
      </trkpt>
      <trkpt lat="42.50268" lon="141.10981">
        <ele>377.9</ele>
      </trkpt>
      <trkpt lat="42.50205" lon="141.10992">
        <ele>377.8</ele>
      </trkpt>
      <trkpt lat="42.50142" lon="141.11003">
        <ele>376.7</ele>
      </trkpt>
      <trkpt lat="42.50094" lon="141.11025">
        <ele>377.4</ele>
      </trkpt>
      <trkpt lat="42.50049" lon="141.11071">
        <ele>378.7</ele>
      </trkpt>
      <trkpt lat="42.50015" lon="141.11139">
        <ele>379.0</ele>
      </trkpt>
      <trkpt lat="42.50001" lon="141.11209">
        <ele>376.6</ele>
      </trkpt>
      <trkpt lat="42.49991" lon="141.11304">
        <ele>376.0</ele>
      </trkpt>
      <trkpt lat="42.49981" lon="141.114">
        <ele>377.7</ele>
      </trkpt>
      <trkpt lat="42.49972" lon="141.11496">
        <ele>374.7</ele>
      </trkpt>
      <trkpt lat="42.49962" lon="141.11591">
        <ele>372.9</ele>
      </trkpt>
      <trkpt lat="42.49951" lon="141.11675">
        <ele>372.7</ele>
      </trkpt>
      <trkpt lat="42.49932" lon="141.11748">
        <ele>374.1</ele>
      </trkpt>
      <trkpt lat="42.49914" lon="141.1182">
        <ele>375.1</ele>
      </trkpt>
      <trkpt lat="42.49899" lon="141.11853">
        <ele>377.1</ele>
      </trkpt>
      <trkpt lat="42.49843" lon="141.1192">
        <ele>376.8</ele>
      </trkpt>
      <trkpt lat="42.49786" lon="141.11988">
        <ele>377.3</ele>
      </trkpt>
      <trkpt lat="42.4973" lon="141.12055">
        <ele>377.5</ele>
      </trkpt>
      <trkpt lat="42.49673" lon="141.12123">
        <ele>369.8</ele>
      </trkpt>
      <trkpt lat="42.49628" lon="141.12224">
        <ele>368.0</ele>
      </trkpt>
      <trkpt lat="42.49583" lon="141.12325">
        <ele>365.5</ele>
      </trkpt>
      <trkpt lat="42.49539" lon="141.12426">
        <ele>367.9</ele>
      </trkpt>
      <trkpt lat="42.49481" lon="141.12517">
        <ele>361.1</ele>
      </trkpt>
      <trkpt lat="42.49458" lon="141.12564">
        <ele>358.6</ele>
      </trkpt>
      <trkpt lat="42.49453" lon="141.12585">
        <ele>358.2</ele>
      </trkpt>
      <trkpt lat="42.49451" lon="141.12606">
        <ele>357.3</ele>
      </trkpt>
      <trkpt lat="42.49451" lon="141.12626">
        <ele>357.0</ele>
      </trkpt>
      <trkpt lat="42.49455" lon="141.12647">
        <ele>357.0</ele>
      </trkpt>
      <trkpt lat="42.49463" lon="141.12675">
        <ele>356.9</ele>
      </trkpt>
      <trkpt lat="42.49502" lon="141.12762">
        <ele>353.1</ele>
      </trkpt>
      <trkpt lat="42.49541" lon="141.12848">
        <ele>348.2</ele>
      </trkpt>
      <trkpt lat="42.49566" lon="141.12905">
        <ele>347.3</ele>
      </trkpt>
      <trkpt lat="42.49591" lon="141.12963">
        <ele>348.1</ele>
      </trkpt>
      <trkpt lat="42.49599" lon="141.13001">
        <ele>348.3</ele>
      </trkpt>
      <trkpt lat="42.49601" lon="141.13028">
        <ele>347.4</ele>
      </trkpt>
      <trkpt lat="42.496" lon="141.13049">
        <ele>346.6</ele>
      </trkpt>
      <trkpt lat="42.49596" lon="141.13071">
        <ele>345.7</ele>
      </trkpt>
      <trkpt lat="42.49582" lon="141.13108">
        <ele>343.6</ele>
      </trkpt>
      <trkpt lat="42.49559" lon="141.13136">
        <ele>343.1</ele>
      </trkpt>
      <trkpt lat="42.49538" lon="141.13149">
        <ele>343.8</ele>
      </trkpt>
      <trkpt lat="42.49514" lon="141.13157">
        <ele>345.1</ele>
      </trkpt>
      <trkpt lat="42.49495" lon="141.13159">
        <ele>346.1</ele>
      </trkpt>
      <trkpt lat="42.49411" lon="141.13142">
        <ele>347.0</ele>
      </trkpt>
      <trkpt lat="42.49327" lon="141.13124">
        <ele>344.6</ele>
      </trkpt>
      <trkpt lat="42.49243" lon="141.13106">
        <ele>339.0</ele>
      </trkpt>
      <trkpt lat="42.49159" lon="141.13089">
        <ele>334.4</ele>
      </trkpt>
      <trkpt lat="42.49075" lon="141.13071">
        <ele>334.7</ele>
      </trkpt>
      <trkpt lat="42.48991" lon="141.13053">
        <ele>337.4</ele>
      </trkpt>
      <trkpt lat="42.48907" lon="141.13035">
        <ele>339.9</ele>
      </trkpt>
      <trkpt lat="42.48875" lon="141.13019">
        <ele>338.3</ele>
      </trkpt>
      <trkpt lat="42.48851" lon="141.13003">
        <ele>336.1</ele>
      </trkpt>
      <trkpt lat="42.48834" lon="141.12982">
        <ele>333.8</ele>
      </trkpt>
      <trkpt lat="42.48774" lon="141.12898">
        <ele>326.4</ele>
      </trkpt>
      <trkpt lat="42.48714" lon="141.12813">
        <ele>319.5</ele>
      </trkpt>
      <trkpt lat="42.48654" lon="141.12729">
        <ele>312.3</ele>
      </trkpt>
      <trkpt lat="42.48594" lon="141.12645">
        <ele>304.9</ele>
      </trkpt>
      <trkpt lat="42.48538" lon="141.12568">
        <ele>298.0</ele>
      </trkpt>
      <trkpt lat="42.48502" lon="141.12545">
        <ele>294.4</ele>
      </trkpt>
      <trkpt lat="42.48461" lon="141.12536">
        <ele>289.6</ele>
      </trkpt>
      <trkpt lat="42.48416" lon="141.12545">
        <ele>285.6</ele>
      </trkpt>
      <trkpt lat="42.48356" lon="141.12585">
        <ele>280.2</ele>
      </trkpt>
      <trkpt lat="42.48288" lon="141.12633">
        <ele>273.0</ele>
      </trkpt>
      <trkpt lat="42.48221" lon="141.12682">
        <ele>268.7</ele>
      </trkpt>
      <trkpt lat="42.48177" lon="141.12702">
        <ele>268.0</ele>
      </trkpt>
      <trkpt lat="42.4813" lon="141.1272">
        <ele>266.0</ele>
      </trkpt>
      <trkpt lat="42.48103" lon="141.12735">
        <ele>264.8</ele>
      </trkpt>
      <trkpt lat="42.48024" lon="141.12766">
        <ele>258.1</ele>
      </trkpt>
      <trkpt lat="42.47946" lon="141.12797">
        <ele>247.2</ele>
      </trkpt>
      <trkpt lat="42.47904" lon="141.12815">
        <ele>242.1</ele>
      </trkpt>
      <trkpt lat="42.47865" lon="141.1284">
        <ele>240.9</ele>
      </trkpt>
      <trkpt lat="42.47845" lon="141.12862">
        <ele>240.0</ele>
      </trkpt>
      <trkpt lat="42.47823" lon="141.12892">
        <ele>238.6</ele>
      </trkpt>
      <trkpt lat="42.47803" lon="141.12931">
        <ele>235.5</ele>
      </trkpt>
      <trkpt lat="42.47792" lon="141.12957">
        <ele>232.4</ele>
      </trkpt>
      <trkpt lat="42.47786" lon="141.12979">
        <ele>230.2</ele>
      </trkpt>
      <trkpt lat="42.47777" lon="141.13027">
        <ele>228.0</ele>
      </trkpt>
      <trkpt lat="42.47776" lon="141.13101">
        <ele>227.2</ele>
      </trkpt>
      <trkpt lat="42.47774" lon="141.13176">
        <ele>222.8</ele>
      </trkpt>
      <trkpt lat="42.47771" lon="141.13205">
        <ele>222.3</ele>
      </trkpt>
      <trkpt lat="42.47764" lon="141.1324">
        <ele>220.8</ele>
      </trkpt>
      <trkpt lat="42.47753" lon="141.13272">
        <ele>219.8</ele>
      </trkpt>
      <trkpt lat="42.47741" lon="141.13299">
        <ele>219.2</ele>
      </trkpt>
      <trkpt lat="42.47713" lon="141.13349">
        <ele>214.6</ele>
      </trkpt>
      <trkpt lat="42.47685" lon="141.13399">
        <ele>209.2</ele>
      </trkpt>
      <trkpt lat="42.47674" lon="141.13423">
        <ele>207.4</ele>
      </trkpt>
      <trkpt lat="42.47655" lon="141.13487">
        <ele>204.6</ele>
      </trkpt>
      <trkpt lat="42.47644" lon="141.13535">
        <ele>200.9</ele>
      </trkpt>
      <trkpt lat="42.47639" lon="141.13599">
        <ele>196.3</ele>
      </trkpt>
      <trkpt lat="42.47635" lon="141.13663">
        <ele>192.7</ele>
      </trkpt>
      <trkpt lat="42.47629" lon="141.13697">
        <ele>194.2</ele>
      </trkpt>
      <trkpt lat="42.47623" lon="141.13722">
        <ele>195.7</ele>
      </trkpt>
      <trkpt lat="42.47613" lon="141.13836">
        <ele>200.6</ele>
      </trkpt>
      <trkpt lat="42.47603" lon="141.13951">
        <ele>195.9</ele>
      </trkpt>
      <trkpt lat="42.47593" lon="141.14066">
        <ele>189.3</ele>
      </trkpt>
      <trkpt lat="42.47582" lon="141.1418">
        <ele>177.3</ele>
      </trkpt>
      <trkpt lat="42.47577" lon="141.14223">
        <ele>174.8</ele>
      </trkpt>
      <trkpt lat="42.4756" lon="141.14298">
        <ele>170.9</ele>
      </trkpt>
      <trkpt lat="42.47548" lon="141.14334">
        <ele>169.0</ele>
      </trkpt>
      <trkpt lat="42.4753" lon="141.14384">
        <ele>166.7</ele>
      </trkpt>
      <trkpt lat="42.47491" lon="141.14476">
        <ele>153.1</ele>
      </trkpt>
      <trkpt lat="42.47452" lon="141.14564">
        <ele>132.8</ele>
      </trkpt>
      <trkpt lat="42.47413" lon="141.14652">
        <ele>147.1</ele>
      </trkpt>
      <trkpt lat="42.47394" lon="141.1469">
        <ele>151.1</ele>
      </trkpt>
      <trkpt lat="42.47381" lon="141.14741">
        <ele>153.2</ele>
      </trkpt>
      <trkpt lat="42.47375" lon="141.14798">
        <ele>153.8</ele>
      </trkpt>
      <trkpt lat="42.47361" lon="141.14799">
        <ele>153.2</ele>
      </trkpt>
      <trkpt lat="42.47296" lon="141.14792">
        <ele>152.0</ele>
      </trkpt>
      <trkpt lat="42.4723" lon="141.14784">
        <ele>150.8</ele>
      </trkpt>
      <trkpt lat="42.47203" lon="141.14785">
        <ele>149.5</ele>
      </trkpt>
      <trkpt lat="42.47177" lon="141.1479">
        <ele>148.4</ele>
      </trkpt>
      <trkpt lat="42.47149" lon="141.14801">
        <ele>147.1</ele>
      </trkpt>
      <trkpt lat="42.47126" lon="141.14814">
        <ele>145.8</ele>
      </trkpt>
      <trkpt lat="42.47097" lon="141.14836">
        <ele>144.1</ele>
      </trkpt>
      <trkpt lat="42.47065" lon="141.14872">
        <ele>141.4</ele>
      </trkpt>
      <trkpt lat="42.47043" lon="141.14906">
        <ele>139.8</ele>
      </trkpt>
      <trkpt lat="42.47025" lon="141.14948">
        <ele>137.4</ele>
      </trkpt>
      <trkpt lat="42.47016" lon="141.14962">
        <ele>136.4</ele>
      </trkpt>
      <trkpt lat="42.47007" lon="141.14995">
        <ele>134.5</ele>
      </trkpt>
      <trkpt lat="42.46999" lon="141.15041">
        <ele>131.1</ele>
      </trkpt>
      <trkpt lat="42.46997" lon="141.15062">
        <ele>129.6</ele>
      </trkpt>
      <trkpt lat="42.46999" lon="141.15156">
        <ele>123.5</ele>
      </trkpt>
      <trkpt lat="42.47" lon="141.15249">
        <ele>122.0</ele>
      </trkpt>
      <trkpt lat="42.47005" lon="141.15332">
        <ele>116.8</ele>
      </trkpt>
      <trkpt lat="42.47016" lon="141.15378">
        <ele>114.8</ele>
      </trkpt>
      <trkpt lat="42.47027" lon="141.1541">
        <ele>112.9</ele>
      </trkpt>
      <trkpt lat="42.47063" lon="141.15481">
        <ele>112.6</ele>
      </trkpt>
      <trkpt lat="42.47099" lon="141.15553">
        <ele>110.1</ele>
      </trkpt>
      <trkpt lat="42.47135" lon="141.15625">
        <ele>107.7</ele>
      </trkpt>
      <trkpt lat="42.47155" lon="141.15686">
        <ele>105.8</ele>
      </trkpt>
      <trkpt lat="42.47155" lon="141.15722">
        <ele>105.1</ele>
      </trkpt>
      <trkpt lat="42.47152" lon="141.15756">
        <ele>104.7</ele>
      </trkpt>
      <trkpt lat="42.47145" lon="141.1579">
        <ele>104.9</ele>
      </trkpt>
      <trkpt lat="42.4712" lon="141.15867">
        <ele>104.0</ele>
      </trkpt>
      <trkpt lat="42.47114" lon="141.15883">
        <ele>103.6</ele>
      </trkpt>
      <trkpt lat="42.47106" lon="141.15902">
        <ele>103.1</ele>
      </trkpt>
      <trkpt lat="42.47066" lon="141.15962">
        <ele>102.1</ele>
      </trkpt>
      <trkpt lat="42.47046" lon="141.15979">
        <ele>101.6</ele>
      </trkpt>
      <trkpt lat="42.46976" lon="141.16004">
        <ele>98.9</ele>
      </trkpt>
      <trkpt lat="42.46944" lon="141.16025">
        <ele>97.9</ele>
      </trkpt>
      <trkpt lat="42.46924" lon="141.16048">
        <ele>97.9</ele>
      </trkpt>
      <trkpt lat="42.46908" lon="141.16074">
        <ele>98.0</ele>
      </trkpt>
      <trkpt lat="42.46895" lon="141.16103">
        <ele>97.6</ele>
      </trkpt>
      <trkpt lat="42.46853" lon="141.16208">
        <ele>95.1</ele>
      </trkpt>
      <trkpt lat="42.46811" lon="141.16314">
        <ele>92.2</ele>
      </trkpt>
      <trkpt lat="42.46769" lon="141.16419">
        <ele>86.6</ele>
      </trkpt>
      <trkpt lat="42.46728" lon="141.16525">
        <ele>83.3</ele>
      </trkpt>
      <trkpt lat="42.46686" lon="141.16631">
        <ele>80.7</ele>
      </trkpt>
      <trkpt lat="42.46662" lon="141.167">
        <ele>78.1</ele>
      </trkpt>
      <trkpt lat="42.46638" lon="141.16769">
        <ele>75.3</ele>
      </trkpt>
      <trkpt lat="42.46603" lon="141.16876">
        <ele>72.7</ele>
      </trkpt>
      <trkpt lat="42.46568" lon="141.16983">
        <ele>70.2</ele>
      </trkpt>
      <trkpt lat="42.46533" lon="141.1709">
        <ele>67.7</ele>
      </trkpt>
      <trkpt lat="42.46516" lon="141.1715">
        <ele>66.2</ele>
      </trkpt>
      <trkpt lat="42.46509" lon="141.17202">
        <ele>64.7</ele>
      </trkpt>
      <trkpt lat="42.46511" lon="141.17258">
        <ele>63.6</ele>
      </trkpt>
      <trkpt lat="42.46526" lon="141.17329">
        <ele>62.6</ele>
      </trkpt>
      <trkpt lat="42.46528" lon="141.17353">
        <ele>62.4</ele>
      </trkpt>
      <trkpt lat="42.46549" lon="141.17421">
        <ele>62.9</ele>
      </trkpt>
      <trkpt lat="42.46559" lon="141.17485">
        <ele>63.7</ele>
      </trkpt>
      <trkpt lat="42.4656" lon="141.1755">
        <ele>62.8</ele>
      </trkpt>
      <trkpt lat="42.46548" lon="141.17629">
        <ele>59.4</ele>
      </trkpt>
      <trkpt lat="42.46533" lon="141.17697">
        <ele>55.7</ele>
      </trkpt>
      <trkpt lat="42.46525" lon="141.1772">
        <ele>54.8</ele>
      </trkpt>
      <trkpt lat="42.46493" lon="141.17772">
        <ele>52.8</ele>
      </trkpt>
      <trkpt lat="42.46463" lon="141.17791">
        <ele>52.7</ele>
      </trkpt>
      <trkpt lat="42.46425" lon="141.17799">
        <ele>52.8</ele>
      </trkpt>
      <trkpt lat="42.4638" lon="141.17786">
        <ele>54.4</ele>
      </trkpt>
      <trkpt lat="42.46303" lon="141.17734">
        <ele>52.3</ele>
      </trkpt>
      <trkpt lat="42.46269" lon="141.17718">
        <ele>50.7</ele>
      </trkpt>
      <trkpt lat="42.46237" lon="141.17712">
        <ele>48.2</ele>
      </trkpt>
      <trkpt lat="42.46195" lon="141.17718">
        <ele>43.8</ele>
      </trkpt>
      <trkpt lat="42.46175" lon="141.17729">
        <ele>41.4</ele>
      </trkpt>
      <trkpt lat="42.46105" lon="141.1776">
        <ele>36.6</ele>
      </trkpt>
      <trkpt lat="42.46066" lon="141.17765">
        <ele>33.1</ele>
      </trkpt>
      <trkpt lat="42.45997" lon="141.17763">
        <ele>23.3</ele>
      </trkpt>
      <trkpt lat="42.45924" lon="141.17752">
        <ele>11.1</ele>
      </trkpt>
      <trkpt lat="42.4585" lon="141.17742">
        <ele>6.9</ele>
      </trkpt>
      <trkpt lat="42.45777" lon="141.17731">
        <ele>6.2</ele>
      </trkpt>
      <trkpt lat="42.45703" lon="141.1772">
        <ele>6.6</ele>
      </trkpt>
      <trkpt lat="42.45618" lon="141.17707">
        <ele>7.3</ele>
      </trkpt>
      <trkpt lat="42.45581" lon="141.17706">
        <ele>7.6</ele>
      </trkpt>
      <trkpt lat="42.45543" lon="141.17714">
        <ele>8.0</ele>
      </trkpt>
      <trkpt lat="42.45511" lon="141.17736">
        <ele>8.6</ele>
      </trkpt>
      <trkpt lat="42.45452" lon="141.17794">
        <ele>9.8</ele>
      </trkpt>
      <trkpt lat="42.45381" lon="141.17866">
        <ele>9.6</ele>
      </trkpt>
      <trkpt lat="42.45309" lon="141.17938">
        <ele>9.0</ele>
      </trkpt>
      <trkpt lat="42.45238" lon="141.1801">
        <ele>7.9</ele>
      </trkpt>
      <trkpt lat="42.4526" lon="141.18046">
        <ele>7.9</ele>
      </trkpt>
      <trkpt lat="42.4524" lon="141.18066">
        <ele>8.1</ele>
      </trkpt>
      <trkpt lat="42.45226" lon="141.18042">
        <ele>8.0</ele>
      </trkpt>
    </trkseg>
  </trk>
</gpx>
